Date,DayOfWeek,TimeIn,TimeSpent,IsSenior,shopperId
2020-12-31 00:00:00,Thursday,2020-12-31 09:21:47,29,False,0
2020-12-31 00:00:00,Thursday,2020-12-31 16:58:25,47,True,1
2020-12-31 00:00:00,Thursday,2020-12-31 07:37:38,46,True,2
2020-12-31 00:00:00,Thursday,2020-12-31 12:17:31,46,True,3
2020-12-31 00:00:00,Thursday,2020-12-31 18:20:39,27,False,4
2020-12-31 00:00:00,Thursday,2020-12-31 09:08:21,55,True,5
2020-12-31 00:00:00,Thursday,2020-12-31 12:09:26,60,True,6
2020-12-31 00:00:00,Thursday,2020-12-31 19:26:55,24,False,7
2020-12-31 00:00:00,Thursday,2020-12-31 20:19:26,49,True,8
2020-12-31 00:00:00,Thursday,2020-12-31 09:18:12,44,False,9
2020-12-31 00:00:00,Thursday,2020-12-31 10:24:04,46,True,10
2020-12-31 00:00:00,Thursday,2020-12-31 12:31:04,40,False,11
2020-12-31 00:00:00,Thursday,2020-12-31 11:59:53,16,False,12
2020-12-31 00:00:00,Thursday,2020-12-31 18:40:20,38,False,13
2020-12-31 00:00:00,Thursday,2020-12-31 20:21:37,58,True,14
2020-12-31 00:00:00,Thursday,2020-12-31 20:31:22,70,False,15
2020-12-31 00:00:00,Thursday,2020-12-31 06:46:55,65,False,16
2020-12-31 00:00:00,Thursday,2020-12-31 10:58:13,40,False,17
2020-12-31 00:00:00,Thursday,2020-12-31 19:33:06,46,True,18
2020-12-31 00:00:00,Thursday,2020-12-31 18:51:00,18,False,19
2020-12-31 00:00:00,Thursday,2020-12-31 07:50:02,41,False,20
2020-12-31 00:00:00,Thursday,2020-12-31 17:19:09,57,False,21
2020-12-31 00:00:00,Thursday,2020-12-31 17:04:42,21,False,22
2020-12-31 00:00:00,Thursday,2020-12-31 09:46:52,46,False,23
2020-12-31 00:00:00,Thursday,2020-12-31 09:31:52,35,False,24
2020-12-31 00:00:00,Thursday,2020-12-31 18:51:34,49,True,25
2020-12-31 00:00:00,Thursday,2020-12-31 11:01:49,26,False,26
2020-12-31 00:00:00,Thursday,2020-12-31 06:05:13,34,False,27
2020-12-31 00:00:00,Thursday,2020-12-31 08:44:05,51,True,28
2020-12-31 00:00:00,Thursday,2020-12-31 15:15:15,49,False,29
2020-12-31 00:00:00,Thursday,2020-12-31 09:34:21,58,True,30
2020-12-31 00:00:00,Thursday,2020-12-31 12:36:33,22,False,31
2020-12-31 00:00:00,Thursday,2020-12-31 15:16:47,41,False,32
2020-12-31 00:00:00,Thursday,2020-12-31 13:27:04,26,False,33
2020-12-31 00:00:00,Thursday,2020-12-31 19:11:34,29,False,34
2020-12-31 00:00:00,Thursday,2020-12-31 17:15:21,58,False,35
2020-12-31 00:00:00,Thursday,2020-12-31 09:57:23,38,False,36
2020-12-31 00:00:00,Thursday,2020-12-31 15:42:58,17,False,37
2020-12-31 00:00:00,Thursday,2020-12-31 17:52:26,53,False,38
2020-12-31 00:00:00,Thursday,2020-12-31 06:52:12,43,False,39
2020-12-31 00:00:00,Thursday,2020-12-31 12:25:56,33,False,40
2020-12-31 00:00:00,Thursday,2020-12-31 15:01:53,60,False,41
2020-12-31 00:00:00,Thursday,2020-12-31 14:56:36,42,False,42
2020-12-31 00:00:00,Thursday,2020-12-31 18:22:24,38,False,43
2020-12-31 00:00:00,Thursday,2020-12-31 07:54:25,51,False,44
2020-12-31 00:00:00,Thursday,2020-12-31 07:15:33,26,False,45
2020-12-31 00:00:00,Thursday,2020-12-31 10:17:39,18,False,46
2020-12-31 00:00:00,Thursday,2020-12-31 19:14:23,41,False,47
2020-12-31 00:00:00,Thursday,2020-12-31 08:33:33,36,False,48
2020-12-31 00:00:00,Thursday,2020-12-31 17:17:36,37,False,49
2020-12-31 00:00:00,Thursday,2020-12-31 11:23:19,26,False,50
2020-12-31 00:00:00,Thursday,2020-12-31 16:19:40,52,False,51
2020-12-31 00:00:00,Thursday,2020-12-31 11:16:53,54,False,52
2020-12-31 00:00:00,Thursday,2020-12-31 06:31:13,46,False,53
2020-12-31 00:00:00,Thursday,2020-12-31 19:06:38,63,False,54
2020-12-31 00:00:00,Thursday,2020-12-31 07:03:00,27,False,55
2020-12-31 00:00:00,Thursday,2020-12-31 08:40:23,51,True,56
2020-12-31 00:00:00,Thursday,2020-12-31 11:30:06,47,False,57
2020-12-31 00:00:00,Thursday,2020-12-31 13:19:43,27,False,58
2020-12-31 00:00:00,Thursday,2020-12-31 15:33:54,20,False,59
2020-12-31 00:00:00,Thursday,2020-12-31 15:47:56,20,False,60
2020-12-31 00:00:00,Thursday,2020-12-31 10:03:46,13,False,61
2020-12-31 00:00:00,Thursday,2020-12-31 18:13:15,36,False,62
2020-12-31 00:00:00,Thursday,2020-12-31 18:05:33,18,False,63
2020-12-31 00:00:00,Thursday,2020-12-31 17:01:31,42,False,64
2020-12-31 00:00:00,Thursday,2020-12-31 14:19:33,14,False,65
2020-12-31 00:00:00,Thursday,2020-12-31 20:58:42,20,False,66
2020-12-31 00:00:00,Thursday,2020-12-31 10:01:55,43,False,67
2020-12-31 00:00:00,Thursday,2020-12-31 07:23:10,19,False,68
2020-12-31 00:00:00,Thursday,2020-12-31 07:56:06,59,False,69
2020-12-31 00:00:00,Thursday,2020-12-31 06:53:49,54,False,70
2020-12-31 00:00:00,Thursday,2020-12-31 14:49:22,14,False,71
2020-12-31 00:00:00,Thursday,2020-12-31 06:35:22,43,False,72
2020-12-31 00:00:00,Thursday,2020-12-31 18:30:48,8,False,73
2020-12-31 00:00:00,Thursday,2020-12-31 17:24:28,48,True,74
2020-12-31 00:00:00,Thursday,2020-12-31 17:04:16,21,False,75
2020-12-31 00:00:00,Thursday,2020-12-31 12:26:18,33,False,76
2020-12-31 00:00:00,Thursday,2020-12-31 15:35:09,44,False,77
2020-12-31 00:00:00,Thursday,2020-12-31 11:53:41,29,False,78
2020-12-31 00:00:00,Thursday,2020-12-31 17:36:56,20,False,79
2020-12-31 00:00:00,Thursday,2020-12-31 17:18:02,26,False,80
2020-12-31 00:00:00,Thursday,2020-12-31 10:05:33,35,False,81
2020-12-31 00:00:00,Thursday,2020-12-31 19:23:43,47,True,82
2020-12-31 00:00:00,Thursday,2020-12-31 09:46:01,17,False,83
2020-12-31 00:00:00,Thursday,2020-12-31 07:46:10,27,False,84
2020-12-31 00:00:00,Thursday,2020-12-31 12:05:33,34,False,85
2020-12-31 00:00:00,Thursday,2020-12-31 06:47:33,35,False,86
2020-12-31 00:00:00,Thursday,2020-12-31 17:47:40,42,False,87
2020-12-31 00:00:00,Thursday,2020-12-31 09:45:24,49,False,88
2020-12-31 00:00:00,Thursday,2020-12-31 08:23:40,30,False,89
2020-12-31 00:00:00,Thursday,2020-12-31 09:36:06,51,False,90
2020-12-31 00:00:00,Thursday,2020-12-31 20:23:10,46,True,91
2020-12-31 00:00:00,Thursday,2020-12-31 14:00:55,32,False,92
2020-12-31 00:00:00,Thursday,2020-12-31 19:24:20,56,False,93
2020-12-31 00:00:00,Thursday,2020-12-31 15:20:25,24,False,94
2020-12-31 00:00:00,Thursday,2020-12-31 07:12:21,25,False,95
2020-12-31 00:00:00,Thursday,2020-12-31 06:48:59,46,True,96
2020-12-31 00:00:00,Thursday,2020-12-31 14:16:09,44,False,97
2020-12-31 00:00:00,Thursday,2020-12-31 16:02:07,18,False,98
2020-12-31 00:00:00,Thursday,2020-12-31 16:56:42,10,False,99
2020-12-31 00:00:00,Thursday,2020-12-31 08:56:44,33,False,100
2020-12-31 00:00:00,Thursday,2020-12-31 09:50:17,25,False,101
2020-12-31 00:00:00,Thursday,2020-12-31 12:40:25,55,True,102
2020-12-31 00:00:00,Thursday,2020-12-31 15:59:10,47,False,103
2020-12-31 00:00:00,Thursday,2020-12-31 15:41:26,20,False,104
2020-12-31 00:00:00,Thursday,2020-12-31 15:49:39,58,True,105
2020-12-31 00:00:00,Thursday,2020-12-31 13:29:16,51,True,106
2020-12-31 00:00:00,Thursday,2020-12-31 15:00:57,26,False,107
2020-12-31 00:00:00,Thursday,2020-12-31 12:21:01,27,False,108
2020-12-31 00:00:00,Thursday,2020-12-31 09:57:29,49,False,109
2020-12-31 00:00:00,Thursday,2020-12-31 17:40:32,36,False,110
2020-12-31 00:00:00,Thursday,2020-12-31 13:05:04,35,False,111
2020-12-31 00:00:00,Thursday,2020-12-31 19:37:52,28,False,112
2020-12-31 00:00:00,Thursday,2020-12-31 16:57:16,56,True,113
2020-12-31 00:00:00,Thursday,2020-12-31 06:55:27,69,False,114
2020-12-31 00:00:00,Thursday,2020-12-31 14:39:15,11,False,115
2020-12-31 00:00:00,Thursday,2020-12-31 15:44:40,23,False,116
2020-12-31 00:00:00,Thursday,2020-12-31 12:21:50,23,False,117
2020-12-31 00:00:00,Thursday,2020-12-31 13:51:06,40,False,118
2020-12-31 00:00:00,Thursday,2020-12-31 15:51:41,32,False,119
2020-12-31 00:00:00,Thursday,2020-12-31 19:04:34,57,False,120
2020-12-31 00:00:00,Thursday,2020-12-31 20:44:57,46,False,121
2020-12-31 00:00:00,Thursday,2020-12-31 20:24:59,47,True,122
2020-12-31 00:00:00,Thursday,2020-12-31 08:37:29,67,False,123
2020-12-31 00:00:00,Thursday,2020-12-31 07:53:41,25,False,124
2020-12-31 00:00:00,Thursday,2020-12-31 19:26:51,19,False,125
2020-12-31 00:00:00,Thursday,2020-12-31 18:10:22,13,False,126
2020-12-31 00:00:00,Thursday,2020-12-31 13:12:54,35,False,127
2020-12-31 00:00:00,Thursday,2020-12-31 10:29:49,43,False,128
2020-12-31 00:00:00,Thursday,2020-12-31 08:09:06,15,False,129
2020-12-31 00:00:00,Thursday,2020-12-31 17:41:21,51,False,130
2020-12-31 00:00:00,Thursday,2020-12-31 10:39:31,47,False,131
2020-12-31 00:00:00,Thursday,2020-12-31 19:15:18,22,False,132
2020-12-31 00:00:00,Thursday,2020-12-31 19:43:05,21,False,133
2020-12-31 00:00:00,Thursday,2020-12-31 11:02:41,52,True,134
2020-12-31 00:00:00,Thursday,2020-12-31 19:43:29,49,False,135
2020-12-31 00:00:00,Thursday,2020-12-31 15:51:11,15,False,136
2020-12-31 00:00:00,Thursday,2020-12-31 14:50:47,10,False,137
2020-12-31 00:00:00,Thursday,2020-12-31 17:32:25,28,False,138
2020-12-31 00:00:00,Thursday,2020-12-31 14:00:49,50,False,139
2020-12-31 00:00:00,Thursday,2020-12-31 19:48:59,33,False,140
2020-12-31 00:00:00,Thursday,2020-12-31 07:19:57,21,False,141
2020-12-31 00:00:00,Thursday,2020-12-31 11:14:09,32,False,142
2020-12-31 00:00:00,Thursday,2020-12-31 19:06:06,53,True,143
2020-12-31 00:00:00,Thursday,2020-12-31 10:29:37,46,False,144
2020-12-31 00:00:00,Thursday,2020-12-31 15:04:13,55,True,145
2020-12-31 00:00:00,Thursday,2020-12-31 20:33:47,17,False,146
2020-12-31 00:00:00,Thursday,2020-12-31 09:54:52,65,False,147
2020-12-31 00:00:00,Thursday,2020-12-31 12:35:40,31,False,148
2020-12-31 00:00:00,Thursday,2020-12-31 20:13:57,49,False,149
2020-12-31 00:00:00,Thursday,2020-12-31 13:09:31,56,True,150
2020-12-31 00:00:00,Thursday,2020-12-31 13:53:45,30,False,151
2020-12-31 00:00:00,Thursday,2020-12-31 09:22:52,45,False,152
2020-12-31 00:00:00,Thursday,2020-12-31 10:19:28,34,False,153
2020-12-31 00:00:00,Thursday,2020-12-31 06:09:05,49,True,154
2020-12-31 00:00:00,Thursday,2020-12-31 06:22:43,28,False,155
2020-12-31 00:00:00,Thursday,2020-12-31 16:14:09,41,False,156
2020-12-31 00:00:00,Thursday,2020-12-31 09:24:38,42,False,157
2020-12-31 00:00:00,Thursday,2020-12-31 07:57:30,34,False,158
2020-12-31 00:00:00,Thursday,2020-12-31 09:49:01,25,False,159
2020-12-31 00:00:00,Thursday,2020-12-31 19:53:24,40,False,160
2020-12-31 00:00:00,Thursday,2020-12-31 06:27:26,14,False,161
2020-12-31 00:00:00,Thursday,2020-12-31 09:53:11,68,False,162
2020-12-31 00:00:00,Thursday,2020-12-31 18:53:04,29,False,163
2020-12-31 00:00:00,Thursday,2020-12-31 20:08:15,63,False,164
2020-12-31 00:00:00,Thursday,2020-12-31 12:22:28,45,True,165
2020-12-31 00:00:00,Thursday,2020-12-31 09:10:05,45,False,166
2020-12-31 00:00:00,Thursday,2020-12-31 17:32:27,14,False,167
2020-12-31 00:00:00,Thursday,2020-12-31 15:24:16,28,False,168
2020-12-31 00:00:00,Thursday,2020-12-31 18:41:46,50,True,169
2020-12-31 00:00:00,Thursday,2020-12-31 08:14:46,57,False,170
2020-12-31 00:00:00,Thursday,2020-12-31 10:27:10,18,False,171
2020-12-31 00:00:00,Thursday,2020-12-31 11:13:36,25,False,172
2020-12-31 00:00:00,Thursday,2020-12-31 13:30:56,35,False,173
2020-12-31 00:00:00,Thursday,2020-12-31 16:30:25,53,True,174
2020-12-31 00:00:00,Thursday,2020-12-31 15:00:59,45,True,175
2020-12-31 00:00:00,Thursday,2020-12-31 14:52:01,37,False,176
2020-12-31 00:00:00,Thursday,2020-12-31 10:00:15,59,False,177
2020-12-31 00:00:00,Thursday,2020-12-31 08:39:45,46,False,178
2020-12-31 00:00:00,Thursday,2020-12-31 08:17:10,52,False,179
2020-12-31 00:00:00,Thursday,2020-12-31 17:57:43,11,False,180
2020-12-31 00:00:00,Thursday,2020-12-31 10:27:32,24,False,181
2020-12-31 00:00:00,Thursday,2020-12-31 12:51:43,64,False,182
2020-12-31 00:00:00,Thursday,2020-12-31 14:25:59,35,False,183
2020-12-31 00:00:00,Thursday,2020-12-31 12:33:32,23,False,184
2020-12-31 00:00:00,Thursday,2020-12-31 10:18:37,52,True,185
2020-12-31 00:00:00,Thursday,2020-12-31 20:14:20,33,False,186
2020-12-31 00:00:00,Thursday,2020-12-31 10:17:32,36,False,187
2020-12-31 00:00:00,Thursday,2020-12-31 20:31:00,60,True,188
2020-12-31 00:00:00,Thursday,2020-12-31 18:40:36,20,False,189
2020-12-31 00:00:00,Thursday,2020-12-31 08:56:15,38,False,190
2020-12-31 00:00:00,Thursday,2020-12-31 14:40:26,39,False,191
2020-12-31 00:00:00,Thursday,2020-12-31 16:26:35,51,True,192
2020-12-31 00:00:00,Thursday,2020-12-31 06:35:01,29,False,193
2020-12-31 00:00:00,Thursday,2020-12-31 07:11:57,53,False,194
2020-12-31 00:00:00,Thursday,2020-12-31 10:30:53,48,True,195
2020-12-31 00:00:00,Thursday,2020-12-31 07:12:07,51,False,196
2020-12-31 00:00:00,Thursday,2020-12-31 14:54:51,16,False,197
2020-12-31 00:00:00,Thursday,2020-12-31 08:16:23,40,False,198
2020-12-31 00:00:00,Thursday,2020-12-31 14:05:16,48,True,199
2020-12-31 00:00:00,Thursday,2020-12-31 17:50:42,35,False,200
2020-12-31 00:00:00,Thursday,2020-12-31 08:56:04,30,False,201
2020-12-31 00:00:00,Thursday,2020-12-31 10:36:59,55,False,202
2020-12-31 00:00:00,Thursday,2020-12-31 07:59:40,50,True,203
2020-12-31 00:00:00,Thursday,2020-12-31 08:50:45,37,False,204
2020-12-31 00:00:00,Thursday,2020-12-31 18:13:31,32,False,205
2020-12-31 00:00:00,Thursday,2020-12-31 06:11:57,46,False,206
2020-12-31 00:00:00,Thursday,2020-12-31 13:02:00,66,False,207
2020-12-31 00:00:00,Thursday,2020-12-31 11:08:15,11,False,208
2020-12-31 00:00:00,Thursday,2020-12-31 11:33:37,60,False,209
2020-12-31 00:00:00,Thursday,2020-12-31 09:50:22,53,True,210
2020-12-31 00:00:00,Thursday,2020-12-31 20:32:50,58,True,211
2020-12-31 00:00:00,Thursday,2020-12-31 20:32:08,26,False,212
2020-12-31 00:00:00,Thursday,2020-12-31 07:45:00,20,False,213
2020-12-31 00:00:00,Thursday,2020-12-31 11:10:26,45,False,214
2020-12-31 00:00:00,Thursday,2020-12-31 14:06:17,40,False,215
2020-12-31 00:00:00,Thursday,2020-12-31 06:13:29,63,False,216
2020-12-31 00:00:00,Thursday,2020-12-31 07:14:45,37,False,217
2020-12-31 00:00:00,Thursday,2020-12-31 07:02:36,27,False,218
2020-12-31 00:00:00,Thursday,2020-12-31 16:59:16,48,True,219
2020-12-31 00:00:00,Thursday,2020-12-31 20:48:20,61,False,220
2020-12-31 00:00:00,Thursday,2020-12-31 14:29:17,36,False,221
2020-12-31 00:00:00,Thursday,2020-12-31 13:13:28,14,False,222
2020-12-31 00:00:00,Thursday,2020-12-31 20:30:33,23,False,223
2020-12-31 00:00:00,Thursday,2020-12-31 06:31:28,49,False,224
2020-12-31 00:00:00,Thursday,2020-12-31 14:43:05,29,False,225
2020-12-31 00:00:00,Thursday,2020-12-31 17:25:32,25,False,226
2020-12-31 00:00:00,Thursday,2020-12-31 11:54:04,23,False,227
2020-12-31 00:00:00,Thursday,2020-12-31 14:51:29,20,False,228
2020-12-31 00:00:00,Thursday,2020-12-31 10:02:58,29,False,229
2020-12-31 00:00:00,Thursday,2020-12-31 07:58:02,18,False,230
2020-12-31 00:00:00,Thursday,2020-12-31 18:37:18,35,False,231
2020-12-31 00:00:00,Thursday,2020-12-31 18:01:05,58,True,232
2020-12-31 00:00:00,Thursday,2020-12-31 17:44:13,36,False,233
2020-12-31 00:00:00,Thursday,2020-12-31 06:55:37,44,False,234
2020-12-31 00:00:00,Thursday,2020-12-31 17:02:25,16,False,235
2020-12-31 00:00:00,Thursday,2020-12-31 13:51:31,22,False,236
2020-12-31 00:00:00,Thursday,2020-12-31 08:21:27,53,True,237
2020-12-31 00:00:00,Thursday,2020-12-31 06:22:57,43,False,238
2020-12-31 00:00:00,Thursday,2020-12-31 18:07:05,50,True,239
2020-12-31 00:00:00,Thursday,2020-12-31 19:09:19,45,True,240
2020-12-31 00:00:00,Thursday,2020-12-31 15:11:32,50,False,241
2020-12-31 00:00:00,Thursday,2020-12-31 16:51:13,28,False,242
2020-12-31 00:00:00,Thursday,2020-12-31 09:55:05,49,False,243
2020-12-31 00:00:00,Thursday,2020-12-31 13:23:58,55,False,244
2020-12-31 00:00:00,Thursday,2020-12-31 18:39:36,43,False,245
2020-12-31 00:00:00,Thursday,2020-12-31 14:28:17,60,True,246
2020-12-31 00:00:00,Thursday,2020-12-31 08:20:22,33,False,247
2020-12-31 00:00:00,Thursday,2020-12-31 11:28:04,57,False,248
2020-12-31 00:00:00,Thursday,2020-12-31 08:43:33,37,False,249
2020-12-31 00:00:00,Thursday,2020-12-31 15:47:04,39,False,250
2020-12-31 00:00:00,Thursday,2020-12-31 13:12:04,30,False,251
2020-12-31 00:00:00,Thursday,2020-12-31 17:59:38,48,False,252
2020-12-31 00:00:00,Thursday,2020-12-31 19:22:58,55,True,253
2020-12-31 00:00:00,Thursday,2020-12-31 10:32:41,23,False,254
2020-12-31 00:00:00,Thursday,2020-12-31 07:56:05,51,True,255
2020-12-31 00:00:00,Thursday,2020-12-31 12:06:11,35,False,256
2020-12-31 00:00:00,Thursday,2020-12-31 18:55:25,53,True,257
2020-12-31 00:00:00,Thursday,2020-12-31 20:54:47,12,False,258
2020-12-31 00:00:00,Thursday,2020-12-31 12:52:00,17,False,259
2020-12-31 00:00:00,Thursday,2020-12-31 19:32:53,37,False,260
2020-12-31 00:00:00,Thursday,2020-12-31 16:26:40,48,True,261
2020-12-31 00:00:00,Thursday,2020-12-31 07:25:32,18,False,262
2020-12-31 00:00:00,Thursday,2020-12-31 14:15:01,58,False,263
2020-12-31 00:00:00,Thursday,2020-12-31 09:17:51,52,True,264
2020-12-31 00:00:00,Thursday,2020-12-31 20:41:58,29,False,265
2020-12-31 00:00:00,Thursday,2020-12-31 08:23:53,40,False,266
2020-12-31 00:00:00,Thursday,2020-12-31 13:17:34,50,False,267
2020-12-31 00:00:00,Thursday,2020-12-31 07:52:16,32,False,268
2020-12-31 00:00:00,Thursday,2020-12-31 19:35:33,17,False,269
2020-12-31 00:00:00,Thursday,2020-12-31 08:21:30,47,True,270
2020-12-31 00:00:00,Thursday,2020-12-31 11:49:05,49,False,271
2020-12-31 00:00:00,Thursday,2020-12-31 14:47:11,62,False,272
2020-12-31 00:00:00,Thursday,2020-12-31 10:49:21,40,False,273
2020-12-31 00:00:00,Thursday,2020-12-31 14:10:28,23,False,274
2020-12-31 00:00:00,Thursday,2020-12-31 15:30:29,53,False,275
2020-12-31 00:00:00,Thursday,2020-12-31 13:25:45,35,False,276
2020-12-31 00:00:00,Thursday,2020-12-31 17:20:27,50,False,277
2020-12-31 00:00:00,Thursday,2020-12-31 16:04:45,60,False,278
2020-12-31 00:00:00,Thursday,2020-12-31 16:33:00,22,False,279
2020-12-31 00:00:00,Thursday,2020-12-31 10:53:02,46,False,280
2020-12-31 00:00:00,Thursday,2020-12-31 19:17:36,46,True,281
2020-12-31 00:00:00,Thursday,2020-12-31 11:20:39,34,False,282
2020-12-31 00:00:00,Thursday,2020-12-31 18:39:47,45,False,283
2020-12-31 00:00:00,Thursday,2020-12-31 16:24:02,43,False,284
2020-12-31 00:00:00,Thursday,2020-12-31 12:58:09,36,False,285
2020-12-31 00:00:00,Thursday,2020-12-31 08:38:47,14,False,286
2020-12-31 00:00:00,Thursday,2020-12-31 17:55:01,22,False,287
2020-12-31 00:00:00,Thursday,2020-12-31 12:11:21,27,False,288
2020-12-31 00:00:00,Thursday,2020-12-31 08:48:23,39,False,289
2020-12-31 00:00:00,Thursday,2020-12-31 20:16:50,47,True,290
2020-12-31 00:00:00,Thursday,2020-12-31 07:33:02,50,True,291
2020-12-31 00:00:00,Thursday,2020-12-31 09:14:03,23,False,292
2020-12-31 00:00:00,Thursday,2020-12-31 18:28:53,48,True,293
2020-12-31 00:00:00,Thursday,2020-12-31 20:25:25,15,False,294
2020-12-31 00:00:00,Thursday,2020-12-31 14:42:15,15,False,295
2020-12-31 00:00:00,Thursday,2020-12-31 20:31:42,15,False,296
2020-12-31 00:00:00,Thursday,2020-12-31 08:46:14,24,False,297
2020-12-31 00:00:00,Thursday,2020-12-31 18:48:55,57,True,298
2020-12-31 00:00:00,Thursday,2020-12-31 18:47:16,30,False,299
2020-12-31 00:00:00,Thursday,2020-12-31 06:50:55,43,False,300
2020-12-31 00:00:00,Thursday,2020-12-31 07:41:22,31,False,301
2020-12-31 00:00:00,Thursday,2020-12-31 12:37:49,21,False,302
2020-12-31 00:00:00,Thursday,2020-12-31 15:10:47,9,False,303
2020-12-31 00:00:00,Thursday,2020-12-31 06:00:45,63,False,304
2020-12-31 00:00:00,Thursday,2020-12-31 11:59:56,34,False,305
2020-12-31 00:00:00,Thursday,2020-12-31 18:00:25,29,False,306
2020-12-31 00:00:00,Thursday,2020-12-31 13:05:32,28,False,307
2020-12-31 00:00:00,Thursday,2020-12-31 08:05:50,60,True,308
2020-12-31 00:00:00,Thursday,2020-12-31 13:59:42,22,False,309
2020-12-31 00:00:00,Thursday,2020-12-31 19:35:51,28,False,310
2020-12-31 00:00:00,Thursday,2020-12-31 06:30:01,32,False,311
2020-12-31 00:00:00,Thursday,2020-12-31 14:08:19,44,False,312
2020-12-31 00:00:00,Thursday,2020-12-31 14:33:22,50,False,313
2020-12-31 00:00:00,Thursday,2020-12-31 12:25:03,22,False,314
2020-12-31 00:00:00,Thursday,2020-12-31 11:50:34,32,False,315
2020-12-31 00:00:00,Thursday,2020-12-31 15:37:36,34,False,316
2020-12-31 00:00:00,Thursday,2020-12-31 15:27:05,40,False,317
2020-12-31 00:00:00,Thursday,2020-12-31 19:10:55,47,True,318
2020-12-31 00:00:00,Thursday,2020-12-31 14:08:59,28,False,319
2020-12-31 00:00:00,Thursday,2020-12-31 17:28:21,56,True,320
2020-12-31 00:00:00,Thursday,2020-12-31 07:40:51,58,False,321
2020-12-31 00:00:00,Thursday,2020-12-31 08:55:16,14,False,322
2020-12-31 00:00:00,Thursday,2020-12-31 11:42:15,32,False,323
2020-12-31 00:00:00,Thursday,2020-12-31 20:15:33,30,False,324
2020-12-31 00:00:00,Thursday,2020-12-31 13:10:23,35,False,325
2020-12-31 00:00:00,Thursday,2020-12-31 13:54:54,20,False,326
2020-12-31 00:00:00,Thursday,2020-12-31 14:14:07,22,False,327
2020-12-31 00:00:00,Thursday,2020-12-31 07:20:44,26,False,328
2020-12-31 00:00:00,Thursday,2020-12-31 20:40:50,26,False,329
2020-12-31 00:00:00,Thursday,2020-12-31 20:20:05,10,False,330
2020-12-31 00:00:00,Thursday,2020-12-31 09:24:19,56,True,331
2020-12-31 00:00:00,Thursday,2020-12-31 09:37:51,37,False,332
2020-12-31 00:00:00,Thursday,2020-12-31 11:51:07,9,False,333
2020-12-31 00:00:00,Thursday,2020-12-31 20:38:55,20,False,334
2020-12-31 00:00:00,Thursday,2020-12-31 10:15:34,36,False,335
2020-12-31 00:00:00,Thursday,2020-12-31 12:32:18,51,True,336
2020-12-31 00:00:00,Thursday,2020-12-31 08:05:34,60,True,337
2020-12-31 00:00:00,Thursday,2020-12-31 07:50:21,33,False,338
2020-12-31 00:00:00,Thursday,2020-12-31 13:37:56,51,True,339
2020-12-31 00:00:00,Thursday,2020-12-31 17:19:57,27,False,340
2020-12-31 00:00:00,Thursday,2020-12-31 17:48:20,36,False,341
2020-12-31 00:00:00,Thursday,2020-12-31 09:40:33,29,False,342
2020-12-31 00:00:00,Thursday,2020-12-31 19:19:21,58,True,343
2020-12-31 00:00:00,Thursday,2020-12-31 09:30:47,9,False,344
2020-12-31 00:00:00,Thursday,2020-12-31 10:02:05,54,True,345
2020-12-31 00:00:00,Thursday,2020-12-31 12:04:17,48,True,346
2020-12-31 00:00:00,Thursday,2020-12-31 17:56:31,52,True,347
2020-12-31 00:00:00,Thursday,2020-12-31 13:00:58,34,False,348
2020-12-31 00:00:00,Thursday,2020-12-31 07:34:29,32,False,349
2020-12-31 00:00:00,Thursday,2020-12-31 09:56:34,36,False,350
2020-12-31 00:00:00,Thursday,2020-12-31 20:45:31,56,False,351
2020-12-31 00:00:00,Thursday,2020-12-31 20:24:44,25,False,352
2020-12-31 00:00:00,Thursday,2020-12-31 18:53:23,53,True,353
2020-12-31 00:00:00,Thursday,2020-12-31 07:39:54,61,False,354
2020-12-31 00:00:00,Thursday,2020-12-31 17:55:46,46,True,355
2020-12-31 00:00:00,Thursday,2020-12-31 07:28:34,65,False,356
2020-12-31 00:00:00,Thursday,2020-12-31 19:14:43,52,False,357
2020-12-31 00:00:00,Thursday,2020-12-31 16:05:44,46,True,358
2020-12-31 00:00:00,Thursday,2020-12-31 19:43:22,66,False,359
2020-12-31 00:00:00,Thursday,2020-12-31 20:46:39,27,False,360
2020-12-31 00:00:00,Thursday,2020-12-31 10:03:48,12,False,361
2020-12-31 00:00:00,Thursday,2020-12-31 20:07:05,24,False,362
2020-12-31 00:00:00,Thursday,2020-12-31 16:46:14,28,False,363
2020-12-31 00:00:00,Thursday,2020-12-31 11:58:20,24,False,364
2020-12-31 00:00:00,Thursday,2020-12-31 17:48:30,47,False,365
2020-12-31 00:00:00,Thursday,2020-12-31 11:48:20,21,False,366
2020-12-31 00:00:00,Thursday,2020-12-31 14:22:12,23,False,367
2020-12-31 00:00:00,Thursday,2020-12-31 07:28:38,35,False,368
2020-12-31 00:00:00,Thursday,2020-12-31 19:24:04,48,False,369
2020-12-31 00:00:00,Thursday,2020-12-31 19:24:58,29,False,370
2020-12-31 00:00:00,Thursday,2020-12-31 19:09:37,52,True,371
2020-12-31 00:00:00,Thursday,2020-12-31 07:42:24,29,False,372
2020-12-31 00:00:00,Thursday,2020-12-31 06:57:26,14,False,373
2020-12-31 00:00:00,Thursday,2020-12-31 20:10:28,21,False,374
2020-12-31 00:00:00,Thursday,2020-12-31 09:52:39,54,True,375
2020-12-31 00:00:00,Thursday,2020-12-31 16:19:13,38,False,376
2020-12-31 00:00:00,Thursday,2020-12-31 11:27:27,30,False,377
2020-12-31 00:00:00,Thursday,2020-12-31 14:23:11,45,True,378
2020-12-31 00:00:00,Thursday,2020-12-31 15:31:42,39,False,379
2020-12-31 00:00:00,Thursday,2020-12-31 14:39:16,48,False,380
2020-12-31 00:00:00,Thursday,2020-12-31 15:29:24,32,False,381
2020-12-31 00:00:00,Thursday,2020-12-31 20:42:33,46,True,382
2020-12-31 00:00:00,Thursday,2020-12-31 08:09:10,36,False,383
2020-12-31 00:00:00,Thursday,2020-12-31 09:07:59,46,False,384
2020-12-31 00:00:00,Thursday,2020-12-31 13:36:06,23,False,385
2020-12-31 00:00:00,Thursday,2020-12-31 18:25:41,40,False,386
2020-12-31 00:00:00,Thursday,2020-12-31 07:54:43,22,False,387
2020-12-31 00:00:00,Thursday,2020-12-31 10:20:19,47,True,388
2020-12-31 00:00:00,Thursday,2020-12-31 06:56:54,37,False,389
2020-12-31 00:00:00,Thursday,2020-12-31 07:11:40,43,False,390
2020-12-31 00:00:00,Thursday,2020-12-31 08:06:22,26,False,391
2020-12-31 00:00:00,Thursday,2020-12-31 13:09:54,33,False,392
2020-12-31 00:00:00,Thursday,2020-12-31 17:30:03,22,False,393
2020-12-31 00:00:00,Thursday,2020-12-31 18:20:54,52,False,394
2020-12-31 00:00:00,Thursday,2020-12-31 10:30:12,51,False,395
2020-12-31 00:00:00,Thursday,2020-12-31 11:57:58,34,False,396
2020-12-31 00:00:00,Thursday,2020-12-31 07:26:00,38,False,397
2020-12-31 00:00:00,Thursday,2020-12-31 14:21:58,58,True,398
2020-12-31 00:00:00,Thursday,2020-12-31 11:05:30,47,True,399
2020-12-31 00:00:00,Thursday,2020-12-31 15:55:40,32,False,400
2020-12-31 00:00:00,Thursday,2020-12-31 06:03:50,38,False,401
2020-12-31 00:00:00,Thursday,2020-12-31 10:09:11,44,False,402
2020-12-31 00:00:00,Thursday,2020-12-31 17:13:16,33,False,403
2020-12-31 00:00:00,Thursday,2020-12-31 10:38:06,26,False,404
2020-12-31 00:00:00,Thursday,2020-12-31 09:01:24,47,True,405
2020-12-31 00:00:00,Thursday,2020-12-31 13:26:54,46,True,406
2020-12-31 00:00:00,Thursday,2020-12-31 17:21:35,38,False,407
2020-12-31 00:00:00,Thursday,2020-12-31 09:43:40,52,False,408
2020-12-31 00:00:00,Thursday,2020-12-31 18:28:55,30,False,409
2020-12-31 00:00:00,Thursday,2020-12-31 13:26:00,42,False,410
2020-12-31 00:00:00,Thursday,2020-12-31 17:20:42,57,True,411
2020-12-31 00:00:00,Thursday,2020-12-31 10:26:53,32,False,412
2020-12-31 00:00:00,Thursday,2020-12-31 18:16:53,43,False,413
2020-12-31 00:00:00,Thursday,2020-12-31 12:09:56,39,False,414
2020-12-31 00:00:00,Thursday,2020-12-31 16:15:09,52,False,415
2020-12-31 00:00:00,Thursday,2020-12-31 15:50:19,36,False,416
2020-12-31 00:00:00,Thursday,2020-12-31 15:23:11,26,False,417
2020-12-31 00:00:00,Thursday,2020-12-31 20:23:07,21,False,418
2020-12-31 00:00:00,Thursday,2020-12-31 20:28:34,17,False,419
2020-12-31 00:00:00,Thursday,2020-12-31 13:05:29,52,True,420
2020-12-31 00:00:00,Thursday,2020-12-31 20:09:05,54,True,421
2020-12-31 00:00:00,Thursday,2020-12-31 15:43:17,37,False,422
2020-12-31 00:00:00,Thursday,2020-12-31 17:43:45,30,False,423
2020-12-31 00:00:00,Thursday,2020-12-31 16:31:55,50,False,424
2020-12-31 00:00:00,Thursday,2020-12-31 07:14:58,47,True,425
2020-12-31 00:00:00,Thursday,2020-12-31 06:07:26,44,False,426
2020-12-31 00:00:00,Thursday,2020-12-31 12:33:23,22,False,427
2020-12-31 00:00:00,Thursday,2020-12-31 16:08:28,30,False,428
2020-12-31 00:00:00,Thursday,2020-12-31 17:37:15,52,True,429
2020-12-31 00:00:00,Thursday,2020-12-31 11:46:44,32,False,430
2020-12-31 00:00:00,Thursday,2020-12-31 07:31:13,19,False,431
2020-12-31 00:00:00,Thursday,2020-12-31 13:18:40,52,True,432
2020-12-31 00:00:00,Thursday,2020-12-31 09:48:25,23,False,433
2020-12-31 00:00:00,Thursday,2020-12-31 17:44:15,36,False,434
2020-12-31 00:00:00,Thursday,2020-12-31 10:07:20,51,True,435
2020-12-31 00:00:00,Thursday,2020-12-31 10:26:43,53,True,436
2020-12-31 00:00:00,Thursday,2020-12-31 14:41:35,24,False,437
2020-12-31 00:00:00,Thursday,2020-12-31 15:01:24,23,False,438
2020-12-31 00:00:00,Thursday,2020-12-31 20:28:39,40,False,439
2020-12-31 00:00:00,Thursday,2020-12-31 07:46:12,20,False,440
2020-12-31 00:00:00,Thursday,2020-12-31 08:03:58,20,False,441
2020-12-31 00:00:00,Thursday,2020-12-31 07:37:06,44,False,442
2020-12-31 00:00:00,Thursday,2020-12-31 08:54:27,48,True,443
2020-12-31 00:00:00,Thursday,2020-12-31 12:07:46,16,False,444
2020-12-31 00:00:00,Thursday,2020-12-31 09:23:22,33,False,445
2020-12-31 00:00:00,Thursday,2020-12-31 06:14:52,20,False,446
2020-12-31 00:00:00,Thursday,2020-12-31 08:55:38,8,False,447
2020-12-31 00:00:00,Thursday,2020-12-31 07:04:09,53,True,448
2020-12-31 00:00:00,Thursday,2020-12-31 19:55:43,42,False,449
2020-12-31 00:00:00,Thursday,2020-12-31 17:03:06,38,False,450
2020-12-31 00:00:00,Thursday,2020-12-31 13:05:08,36,False,451
2020-12-31 00:00:00,Thursday,2020-12-31 16:16:35,28,False,452
2020-12-31 00:00:00,Thursday,2020-12-31 12:48:09,16,False,453
2020-12-31 00:00:00,Thursday,2020-12-31 07:23:55,32,False,454
2020-12-31 00:00:00,Thursday,2020-12-31 10:54:17,51,True,455
2020-12-31 00:00:00,Thursday,2020-12-31 13:21:42,30,False,456
2020-12-31 00:00:00,Thursday,2020-12-31 12:40:58,33,False,457
2020-12-31 00:00:00,Thursday,2020-12-31 14:59:46,50,False,458
2020-12-31 00:00:00,Thursday,2020-12-31 20:40:22,34,False,459
2020-12-31 00:00:00,Thursday,2020-12-31 14:59:55,21,False,460
2020-12-31 00:00:00,Thursday,2020-12-31 11:52:36,8,False,461
2020-12-31 00:00:00,Thursday,2020-12-31 14:20:35,62,False,462
2020-12-31 00:00:00,Thursday,2020-12-31 09:41:30,41,False,463
2020-12-31 00:00:00,Thursday,2020-12-31 13:06:31,57,True,464
2020-12-31 00:00:00,Thursday,2020-12-31 10:46:32,17,False,465
2020-12-31 00:00:00,Thursday,2020-12-31 13:16:24,51,False,466
2020-12-31 00:00:00,Thursday,2020-12-31 16:16:25,39,False,467
2020-12-31 00:00:00,Thursday,2020-12-31 14:00:37,29,False,468
2020-12-31 00:00:00,Thursday,2020-12-31 12:01:35,51,False,469
2020-12-31 00:00:00,Thursday,2020-12-31 08:42:33,46,False,470
2020-12-31 00:00:00,Thursday,2020-12-31 15:32:00,46,False,471
2020-12-31 00:00:00,Thursday,2020-12-31 14:58:49,55,True,472
2020-12-31 00:00:00,Thursday,2020-12-31 08:37:28,33,False,473
2020-12-31 00:00:00,Thursday,2020-12-31 16:39:56,20,False,474
2020-12-31 00:00:00,Thursday,2020-12-31 11:40:15,29,False,475
2020-12-31 00:00:00,Thursday,2020-12-31 10:42:29,44,False,476
2020-12-31 00:00:00,Thursday,2020-12-31 13:33:56,51,False,477
2020-12-31 00:00:00,Thursday,2020-12-31 07:12:05,26,False,478
2020-12-31 00:00:00,Thursday,2020-12-31 13:20:01,58,True,479
2020-12-31 00:00:00,Thursday,2020-12-31 20:33:03,56,True,480
2020-12-31 00:00:00,Thursday,2020-12-31 14:15:02,57,True,481
2020-12-31 00:00:00,Thursday,2020-12-31 12:57:29,26,False,482
2020-12-31 00:00:00,Thursday,2020-12-31 15:01:44,40,False,483
2020-12-31 00:00:00,Thursday,2020-12-31 07:00:25,40,False,484
2020-12-31 00:00:00,Thursday,2020-12-31 19:38:43,46,True,485
2020-12-31 00:00:00,Thursday,2020-12-31 15:13:57,32,False,486
2020-12-31 00:00:00,Thursday,2020-12-31 16:59:58,46,True,487
2020-12-31 00:00:00,Thursday,2020-12-31 11:07:17,50,True,488
2020-12-31 00:00:00,Thursday,2020-12-31 20:32:22,21,False,489
2020-12-31 00:00:00,Thursday,2020-12-31 18:03:14,18,False,490
2020-12-31 00:00:00,Thursday,2020-12-31 16:54:56,54,False,491
2020-12-31 00:00:00,Thursday,2020-12-31 15:43:48,39,False,492
2020-12-31 00:00:00,Thursday,2020-12-31 07:54:03,43,False,493
2020-12-31 00:00:00,Thursday,2020-12-31 19:33:43,48,False,494
2020-12-31 00:00:00,Thursday,2020-12-31 08:05:38,24,False,495
2020-12-31 00:00:00,Thursday,2020-12-31 09:46:35,49,True,496
2020-12-31 00:00:00,Thursday,2020-12-31 19:38:51,29,False,497
2020-12-31 00:00:00,Thursday,2020-12-31 10:03:38,23,False,498
2020-12-31 00:00:00,Thursday,2020-12-31 15:42:30,21,False,499
2020-12-31 00:00:00,Thursday,2020-12-31 10:07:23,30,False,500
2020-12-31 00:00:00,Thursday,2020-12-31 07:35:16,52,False,501
2020-12-31 00:00:00,Thursday,2020-12-31 13:16:07,61,False,502
2020-12-31 00:00:00,Thursday,2020-12-31 16:43:25,14,False,503
2020-12-31 00:00:00,Thursday,2020-12-31 15:36:47,13,False,504
2020-12-31 00:00:00,Thursday,2020-12-31 08:53:05,58,True,505
2020-12-31 00:00:00,Thursday,2020-12-31 19:32:00,59,False,506
2020-12-31 00:00:00,Thursday,2020-12-31 13:29:57,45,False,507
2020-12-31 00:00:00,Thursday,2020-12-31 16:28:27,33,False,508
2020-12-31 00:00:00,Thursday,2020-12-31 06:23:56,26,False,509
2020-12-31 00:00:00,Thursday,2020-12-31 08:57:29,32,False,510
2020-12-31 00:00:00,Thursday,2020-12-31 16:42:45,53,True,511
2020-12-31 00:00:00,Thursday,2020-12-31 09:50:29,58,True,512
2020-12-31 00:00:00,Thursday,2020-12-31 13:08:41,47,False,513
2020-12-31 00:00:00,Thursday,2020-12-31 14:37:05,55,False,514
2020-12-31 00:00:00,Thursday,2020-12-31 13:01:09,65,False,515
2020-12-31 00:00:00,Thursday,2020-12-31 16:51:16,56,True,516
2020-12-31 00:00:00,Thursday,2020-12-31 15:27:09,50,True,517
2020-12-31 00:00:00,Thursday,2020-12-31 18:21:17,53,True,518
2020-12-31 00:00:00,Thursday,2020-12-31 15:23:42,46,False,519
2020-12-31 00:00:00,Thursday,2020-12-31 07:44:56,58,False,520
2020-12-31 00:00:00,Thursday,2020-12-31 20:43:03,55,False,521
2020-12-31 00:00:00,Thursday,2020-12-31 07:12:37,22,False,522
2020-12-31 00:00:00,Thursday,2020-12-31 11:45:39,8,False,523
2020-12-31 00:00:00,Thursday,2020-12-31 16:54:37,53,True,524
2020-12-31 00:00:00,Thursday,2020-12-31 19:02:14,68,False,525
2020-12-31 00:00:00,Thursday,2020-12-31 18:21:32,29,False,526
2020-12-31 00:00:00,Thursday,2020-12-31 17:03:55,56,True,527
2020-12-31 00:00:00,Thursday,2020-12-31 12:17:54,45,False,528
2020-12-31 00:00:00,Thursday,2020-12-31 14:48:01,54,True,529
2020-12-31 00:00:00,Thursday,2020-12-31 10:14:34,62,False,530
2020-12-31 00:00:00,Thursday,2020-12-31 17:56:09,12,False,531
2020-12-31 00:00:00,Thursday,2020-12-31 06:21:54,26,False,532
2020-12-31 00:00:00,Thursday,2020-12-31 13:43:04,37,False,533
2020-12-31 00:00:00,Thursday,2020-12-31 11:05:50,15,False,534
2020-12-31 00:00:00,Thursday,2020-12-31 17:22:33,14,False,535
2020-12-31 00:00:00,Thursday,2020-12-31 19:56:20,61,False,536
2020-12-31 00:00:00,Thursday,2020-12-31 07:20:53,30,False,537
2020-12-31 00:00:00,Thursday,2020-12-31 19:28:48,28,False,538
2020-12-31 00:00:00,Thursday,2020-12-31 10:33:46,47,True,539
2020-12-31 00:00:00,Thursday,2020-12-31 09:19:21,12,False,540
2020-12-31 00:00:00,Thursday,2020-12-31 15:14:49,45,False,541
2020-12-31 00:00:00,Thursday,2020-12-31 09:56:31,39,False,542
2020-12-31 00:00:00,Thursday,2020-12-31 17:53:26,24,False,543
2020-12-31 00:00:00,Thursday,2020-12-31 10:40:13,49,True,544
2020-12-31 00:00:00,Thursday,2020-12-31 13:03:27,40,False,545
2020-12-31 00:00:00,Thursday,2020-12-31 08:49:50,20,False,546
2020-12-31 00:00:00,Thursday,2020-12-31 08:04:28,47,True,547
2020-12-31 00:00:00,Thursday,2020-12-31 09:54:15,42,False,548
2020-12-31 00:00:00,Thursday,2020-12-31 12:50:56,31,False,549
2020-12-31 00:00:00,Thursday,2020-12-31 09:05:39,25,False,550
2020-12-31 00:00:00,Thursday,2020-12-31 12:14:06,60,True,551
2020-12-31 00:00:00,Thursday,2020-12-31 11:37:47,21,False,552
2020-12-31 00:00:00,Thursday,2020-12-31 17:13:49,20,False,553
2020-12-31 00:00:00,Thursday,2020-12-31 10:52:39,49,False,554
2020-12-31 00:00:00,Thursday,2020-12-31 07:15:59,52,True,555
2020-12-31 00:00:00,Thursday,2020-12-31 20:11:35,52,True,556
2020-12-31 00:00:00,Thursday,2020-12-31 18:23:00,45,False,557
2020-12-31 00:00:00,Thursday,2020-12-31 10:28:37,46,True,558
2020-12-31 00:00:00,Thursday,2020-12-31 19:03:48,56,True,559
2020-12-31 00:00:00,Thursday,2020-12-31 06:59:45,46,False,560
2020-12-31 00:00:00,Thursday,2020-12-31 16:15:10,43,False,561
2020-12-31 00:00:00,Thursday,2020-12-31 15:19:51,35,False,562
2020-12-31 00:00:00,Thursday,2020-12-31 19:52:38,44,False,563
2020-12-31 00:00:00,Thursday,2020-12-31 18:29:47,13,False,564
2020-12-31 00:00:00,Thursday,2020-12-31 16:50:59,22,False,565
2020-12-31 00:00:00,Thursday,2020-12-31 14:27:55,22,False,566
2020-12-31 00:00:00,Thursday,2020-12-31 20:04:24,47,True,567
2020-12-31 00:00:00,Thursday,2020-12-31 19:55:32,35,False,568
2020-12-31 00:00:00,Thursday,2020-12-31 16:58:14,40,False,569
2020-12-31 00:00:00,Thursday,2020-12-31 10:43:59,35,False,570
2020-12-31 00:00:00,Thursday,2020-12-31 16:36:55,49,True,571
2020-12-31 00:00:00,Thursday,2020-12-31 11:07:44,42,False,572
2020-12-31 00:00:00,Thursday,2020-12-31 17:55:56,55,True,573
2020-12-31 00:00:00,Thursday,2020-12-31 07:53:02,45,False,574
2020-12-31 00:00:00,Thursday,2020-12-31 13:43:49,32,False,575
2020-12-31 00:00:00,Thursday,2020-12-31 07:21:42,30,False,576
2020-12-31 00:00:00,Thursday,2020-12-31 06:01:38,57,True,577
2020-12-31 00:00:00,Thursday,2020-12-31 10:45:33,55,True,578
2020-12-31 00:00:00,Thursday,2020-12-31 14:43:30,42,False,579
2020-12-31 00:00:00,Thursday,2020-12-31 11:22:40,56,True,580
2020-12-31 00:00:00,Thursday,2020-12-31 09:00:35,15,False,581
2020-12-31 00:00:00,Thursday,2020-12-31 18:13:30,39,False,582
2020-12-31 00:00:00,Thursday,2020-12-31 17:56:13,24,False,583
2020-12-31 00:00:00,Thursday,2020-12-31 17:01:24,56,False,584
2020-12-31 00:00:00,Thursday,2020-12-31 13:56:52,48,True,585
2020-12-31 00:00:00,Thursday,2020-12-31 20:07:47,17,False,586
2020-12-31 00:00:00,Thursday,2020-12-31 10:55:13,48,True,587
2020-12-31 00:00:00,Thursday,2020-12-31 09:59:27,28,False,588
2020-12-31 00:00:00,Thursday,2020-12-31 18:49:19,22,False,589
2020-12-31 00:00:00,Thursday,2020-12-31 13:32:35,42,False,590
2020-12-31 00:00:00,Thursday,2020-12-31 08:38:20,47,True,591
2020-12-31 00:00:00,Thursday,2020-12-31 11:05:55,43,False,592
2020-12-31 00:00:00,Thursday,2020-12-31 08:16:41,42,False,593
2020-12-31 00:00:00,Thursday,2020-12-31 18:54:32,33,False,594
2020-12-31 00:00:00,Thursday,2020-12-31 18:48:51,57,True,595
2020-12-31 00:00:00,Thursday,2020-12-31 12:37:51,21,False,596
2020-12-31 00:00:00,Thursday,2020-12-31 08:35:36,42,False,597
2020-12-31 00:00:00,Thursday,2020-12-31 12:39:34,28,False,598
2020-12-31 00:00:00,Thursday,2020-12-31 14:30:01,24,False,599
2020-12-31 00:00:00,Thursday,2020-12-31 17:07:43,64,False,600
2020-12-31 00:00:00,Thursday,2020-12-31 13:24:37,41,False,601
2020-12-31 00:00:00,Thursday,2020-12-31 16:37:32,34,False,602
2020-12-31 00:00:00,Thursday,2020-12-31 15:30:17,32,False,603
2020-12-31 00:00:00,Thursday,2020-12-31 15:12:20,20,False,604
2020-12-31 00:00:00,Thursday,2020-12-31 14:15:29,73,False,605
2020-12-31 00:00:00,Thursday,2020-12-31 06:05:36,23,False,606
2020-12-31 00:00:00,Thursday,2020-12-31 15:54:24,58,True,607
2020-12-31 00:00:00,Thursday,2020-12-31 08:36:20,51,False,608
2020-12-31 00:00:00,Thursday,2020-12-31 15:36:55,39,False,609
2020-12-31 00:00:00,Thursday,2020-12-31 13:38:45,54,False,610
2020-12-31 00:00:00,Thursday,2020-12-31 10:23:30,54,False,611
2020-12-31 00:00:00,Thursday,2020-12-31 16:25:27,26,False,612
2020-12-31 00:00:00,Thursday,2020-12-31 15:12:44,23,False,613
2020-12-31 00:00:00,Thursday,2020-12-31 13:51:05,23,False,614
2020-12-31 00:00:00,Thursday,2020-12-31 15:09:41,54,False,615
2020-12-31 00:00:00,Thursday,2020-12-31 14:36:14,53,True,616
2020-12-31 00:00:00,Thursday,2020-12-31 20:04:31,52,True,617
2020-12-31 00:00:00,Thursday,2020-12-31 17:53:46,19,False,618
2020-12-31 00:00:00,Thursday,2020-12-31 12:19:21,24,False,619
2020-12-31 00:00:00,Thursday,2020-12-31 17:46:20,32,False,620
2020-12-31 00:00:00,Thursday,2020-12-31 10:49:21,15,False,621
2020-12-31 00:00:00,Thursday,2020-12-31 16:38:28,32,False,622
2020-12-31 00:00:00,Thursday,2020-12-31 15:13:28,58,False,623
2020-12-31 00:00:00,Thursday,2020-12-31 06:50:20,48,True,624
2020-12-31 00:00:00,Thursday,2020-12-31 13:58:08,20,False,625
2020-12-31 00:00:00,Thursday,2020-12-31 12:35:32,46,False,626
2020-12-31 00:00:00,Thursday,2020-12-31 12:17:22,62,False,627
2020-12-31 00:00:00,Thursday,2020-12-31 10:49:49,52,False,628
2020-12-31 00:00:00,Thursday,2020-12-31 14:42:23,31,False,629
2020-12-31 00:00:00,Thursday,2020-12-31 10:14:05,16,False,630
2020-12-31 00:00:00,Thursday,2020-12-31 14:53:29,8,False,631
2020-12-31 00:00:00,Thursday,2020-12-31 09:27:23,45,True,632
2020-12-31 00:00:00,Thursday,2020-12-31 14:05:00,48,False,633
2020-12-31 00:00:00,Thursday,2020-12-31 17:19:48,53,True,634
2020-12-31 00:00:00,Thursday,2020-12-31 10:36:03,51,True,635
2020-12-31 00:00:00,Thursday,2020-12-31 16:49:46,40,False,636
2020-12-31 00:00:00,Thursday,2020-12-31 07:13:40,27,False,637
2020-12-31 00:00:00,Thursday,2020-12-31 13:58:47,26,False,638
2020-12-31 00:00:00,Thursday,2020-12-31 16:45:18,10,False,639
2020-12-31 00:00:00,Thursday,2020-12-31 18:20:11,39,False,640
2020-12-31 00:00:00,Thursday,2020-12-31 09:00:56,55,True,641
2020-12-31 00:00:00,Thursday,2020-12-31 09:34:33,37,False,642
2020-12-31 00:00:00,Thursday,2020-12-31 19:08:33,22,False,643
2020-12-31 00:00:00,Thursday,2020-12-31 17:42:15,59,False,644
2020-12-31 00:00:00,Thursday,2020-12-31 20:23:02,41,False,645
2020-12-31 00:00:00,Thursday,2020-12-31 20:52:18,20,False,646
2020-12-31 00:00:00,Thursday,2020-12-31 10:25:01,59,True,647
2020-12-31 00:00:00,Thursday,2020-12-31 19:47:12,43,False,648
2020-12-31 00:00:00,Thursday,2020-12-31 20:19:29,52,False,649
2020-12-31 00:00:00,Thursday,2020-12-31 16:49:13,73,False,650
2020-12-31 00:00:00,Thursday,2020-12-31 06:46:10,40,False,651
2020-12-31 00:00:00,Thursday,2020-12-31 07:03:39,49,True,652
2020-12-31 00:00:00,Thursday,2020-12-31 06:42:22,51,True,653
2020-12-31 00:00:00,Thursday,2020-12-31 17:30:25,58,True,654
2020-12-31 00:00:00,Thursday,2020-12-31 10:22:10,21,False,655
2020-12-31 00:00:00,Thursday,2020-12-31 13:08:32,52,True,656
2020-12-31 00:00:00,Thursday,2020-12-31 15:03:26,51,False,657
2020-12-31 00:00:00,Thursday,2020-12-31 07:33:34,45,True,658
2020-12-31 00:00:00,Thursday,2020-12-31 13:41:40,19,False,659
2020-12-31 00:00:00,Thursday,2020-12-31 15:24:26,28,False,660
2020-12-31 00:00:00,Thursday,2020-12-31 06:54:14,47,False,661
2020-12-31 00:00:00,Thursday,2020-12-31 12:19:51,44,False,662
2020-12-31 00:00:00,Thursday,2020-12-31 14:24:32,58,False,663
2020-12-31 00:00:00,Thursday,2020-12-31 17:29:37,33,False,664
2020-12-31 00:00:00,Thursday,2020-12-31 18:52:40,33,False,665
2020-12-31 00:00:00,Thursday,2020-12-31 16:15:19,39,False,666
2020-12-31 00:00:00,Thursday,2020-12-31 06:22:31,40,False,667
2020-12-31 00:00:00,Thursday,2020-12-31 10:58:32,43,False,668
2020-12-31 00:00:00,Thursday,2020-12-31 10:59:24,47,False,669
2020-12-31 00:00:00,Thursday,2020-12-31 14:57:27,25,False,670
2020-12-31 00:00:00,Thursday,2020-12-31 10:24:25,47,False,671
2020-12-31 00:00:00,Thursday,2020-12-31 10:40:12,60,True,672
2020-12-31 00:00:00,Thursday,2020-12-31 18:42:27,31,False,673
2020-12-31 00:00:00,Thursday,2020-12-31 20:53:21,48,True,674
2020-12-31 00:00:00,Thursday,2020-12-31 08:31:24,35,False,675
2020-12-31 00:00:00,Thursday,2020-12-31 15:25:43,26,False,676
2020-12-31 00:00:00,Thursday,2020-12-31 16:29:59,43,False,677
2020-12-31 00:00:00,Thursday,2020-12-31 17:04:21,44,False,678
2020-12-31 00:00:00,Thursday,2020-12-31 07:37:23,45,False,679
2020-12-31 00:00:00,Thursday,2020-12-31 19:06:25,59,True,680
2020-12-31 00:00:00,Thursday,2020-12-31 07:35:20,63,False,681
2020-12-31 00:00:00,Thursday,2020-12-31 11:10:50,11,False,682
2020-12-31 00:00:00,Thursday,2020-12-31 09:28:27,39,False,683
2020-12-31 00:00:00,Thursday,2020-12-31 18:06:03,31,False,684
2020-12-31 00:00:00,Thursday,2020-12-31 20:58:16,51,True,685
2020-12-31 00:00:00,Thursday,2020-12-31 07:08:24,25,False,686
2020-12-31 00:00:00,Thursday,2020-12-31 08:27:08,24,False,687
2020-12-31 00:00:00,Thursday,2020-12-31 07:05:47,55,True,688
2020-12-31 00:00:00,Thursday,2020-12-31 10:11:18,20,False,689
2020-12-31 00:00:00,Thursday,2020-12-31 12:35:09,51,False,690
2020-12-31 00:00:00,Thursday,2020-12-31 07:51:00,50,True,691
2020-12-31 00:00:00,Thursday,2020-12-31 19:14:05,37,False,692
2020-12-31 00:00:00,Thursday,2020-12-31 16:41:05,14,False,693
2020-12-31 00:00:00,Thursday,2020-12-31 09:42:23,61,False,694
2020-12-31 00:00:00,Thursday,2020-12-31 20:28:13,46,False,695
2020-12-31 00:00:00,Thursday,2020-12-31 06:27:07,16,False,696
2020-12-31 00:00:00,Thursday,2020-12-31 13:58:36,11,False,697
2020-12-31 00:00:00,Thursday,2020-12-31 17:05:34,59,False,698
2020-12-31 00:00:00,Thursday,2020-12-31 07:43:59,56,True,699
2020-12-31 00:00:00,Thursday,2020-12-31 08:03:31,35,False,700
2020-12-31 00:00:00,Thursday,2020-12-31 14:36:21,16,False,701
2020-12-31 00:00:00,Thursday,2020-12-31 09:51:42,29,False,702
2020-12-31 00:00:00,Thursday,2020-12-31 09:48:54,46,False,703
2020-12-31 00:00:00,Thursday,2020-12-31 08:58:19,27,False,704
2020-12-31 00:00:00,Thursday,2020-12-31 09:45:37,26,False,705
2020-12-31 00:00:00,Thursday,2020-12-31 15:36:07,33,False,706
2020-12-31 00:00:00,Thursday,2020-12-31 13:38:44,41,False,707
2020-12-31 00:00:00,Thursday,2020-12-31 11:32:34,35,False,708
2020-12-31 00:00:00,Thursday,2020-12-31 12:03:16,28,False,709
2020-12-31 00:00:00,Thursday,2020-12-31 19:13:05,45,True,710
2020-12-31 00:00:00,Thursday,2020-12-31 17:33:45,46,False,711
2020-12-31 00:00:00,Thursday,2020-12-31 11:51:08,41,False,712
2020-12-31 00:00:00,Thursday,2020-12-31 12:57:33,16,False,713
2020-12-31 00:00:00,Thursday,2020-12-31 09:58:31,47,False,714
2020-12-31 00:00:00,Thursday,2020-12-31 13:39:35,34,False,715
2020-12-31 00:00:00,Thursday,2020-12-31 08:01:50,25,False,716
2020-12-31 00:00:00,Thursday,2020-12-31 14:20:39,28,False,717
2020-12-31 00:00:00,Thursday,2020-12-31 11:54:20,48,False,718
2020-12-31 00:00:00,Thursday,2020-12-31 18:23:48,51,True,719
2020-12-31 00:00:00,Thursday,2020-12-31 20:43:02,37,False,720
2020-12-31 00:00:00,Thursday,2020-12-31 11:36:41,58,True,721
2020-12-31 00:00:00,Thursday,2020-12-31 15:30:04,23,False,722
2020-12-31 00:00:00,Thursday,2020-12-31 09:22:43,47,False,723
2020-12-31 00:00:00,Thursday,2020-12-31 13:08:19,39,False,724
2020-12-31 00:00:00,Thursday,2020-12-31 19:09:42,54,False,725
2020-12-31 00:00:00,Thursday,2020-12-31 10:46:02,47,True,726
2020-12-31 00:00:00,Thursday,2020-12-31 09:38:40,45,True,727
2020-12-31 00:00:00,Thursday,2020-12-31 20:52:07,51,False,728
2020-12-31 00:00:00,Thursday,2020-12-31 20:06:47,74,False,729
2020-12-31 00:00:00,Thursday,2020-12-31 17:46:02,55,True,730
2020-12-31 00:00:00,Thursday,2020-12-31 08:44:10,57,True,731
2020-12-31 00:00:00,Thursday,2020-12-31 13:11:54,52,True,732
2020-12-31 00:00:00,Thursday,2020-12-31 20:17:13,45,True,733
2020-12-31 00:00:00,Thursday,2020-12-31 14:18:26,32,False,734
2020-12-31 00:00:00,Thursday,2020-12-31 15:20:56,16,False,735
2020-12-31 00:00:00,Thursday,2020-12-31 08:47:05,42,False,736
2020-12-31 00:00:00,Thursday,2020-12-31 11:42:58,50,True,737
2020-12-31 00:00:00,Thursday,2020-12-31 20:59:43,60,True,738
2020-12-31 00:00:00,Thursday,2020-12-31 18:05:08,31,False,739
2020-12-31 00:00:00,Thursday,2020-12-31 19:16:42,53,True,740
2020-12-31 00:00:00,Thursday,2020-12-31 16:04:03,46,True,741
2020-12-31 00:00:00,Thursday,2020-12-31 10:53:29,58,True,742
2020-12-31 00:00:00,Thursday,2020-12-31 12:40:29,28,False,743
2020-12-31 00:00:00,Thursday,2020-12-31 15:49:35,42,False,744
2020-12-31 00:00:00,Thursday,2020-12-31 19:52:49,52,True,745
2020-12-31 00:00:00,Thursday,2020-12-31 08:52:40,58,False,746
2020-12-31 00:00:00,Thursday,2020-12-31 14:10:21,44,False,747
2020-12-31 00:00:00,Thursday,2020-12-31 06:38:13,28,False,748
2020-12-31 00:00:00,Thursday,2020-12-31 19:25:17,35,False,749
2020-12-31 00:00:00,Thursday,2020-12-31 15:28:39,54,False,750
2020-12-31 00:00:00,Thursday,2020-12-31 07:31:40,58,False,751
2020-12-31 00:00:00,Thursday,2020-12-31 07:28:05,30,False,752
2020-12-31 00:00:00,Thursday,2020-12-31 17:48:20,26,False,753
2020-12-31 00:00:00,Thursday,2020-12-31 12:58:52,52,False,754
2020-12-31 00:00:00,Thursday,2020-12-31 14:38:51,52,False,755
2020-12-31 00:00:00,Thursday,2020-12-31 09:49:31,32,False,756
2020-12-31 00:00:00,Thursday,2020-12-31 20:51:40,24,False,757
2020-12-31 00:00:00,Thursday,2020-12-31 19:48:58,57,True,758
2020-12-31 00:00:00,Thursday,2020-12-31 20:51:52,70,False,759
2020-12-31 00:00:00,Thursday,2020-12-31 19:50:52,22,False,760
2020-12-31 00:00:00,Thursday,2020-12-31 20:18:18,22,False,761
2020-12-31 00:00:00,Thursday,2020-12-31 19:55:20,58,True,762
2020-12-31 00:00:00,Thursday,2020-12-31 16:29:52,31,False,763
2020-12-31 00:00:00,Thursday,2020-12-31 13:58:47,51,False,764
2020-12-31 00:00:00,Thursday,2020-12-31 12:57:59,24,False,765
2020-12-31 00:00:00,Thursday,2020-12-31 14:32:49,21,False,766
2020-12-31 00:00:00,Thursday,2020-12-31 11:02:54,31,False,767
2020-12-31 00:00:00,Thursday,2020-12-31 19:55:19,12,False,768
2020-12-31 00:00:00,Thursday,2020-12-31 17:29:08,58,False,769
2020-12-31 00:00:00,Thursday,2020-12-31 15:36:09,18,False,770
2020-12-31 00:00:00,Thursday,2020-12-31 20:56:49,53,False,771
2020-12-31 00:00:00,Thursday,2020-12-31 17:05:58,49,True,772
2020-12-31 00:00:00,Thursday,2020-12-31 13:54:47,34,False,773
2020-12-31 00:00:00,Thursday,2020-12-31 07:10:47,59,False,774
2020-12-31 00:00:00,Thursday,2020-12-31 15:52:30,15,False,775
2020-12-31 00:00:00,Thursday,2020-12-31 17:59:05,22,False,776
2020-12-31 00:00:00,Thursday,2020-12-31 15:41:32,25,False,777
2020-12-31 00:00:00,Thursday,2020-12-31 09:46:41,20,False,778
2020-12-31 00:00:00,Thursday,2020-12-31 07:12:45,39,False,779
2020-12-31 00:00:00,Thursday,2020-12-31 13:18:59,23,False,780
2020-12-31 00:00:00,Thursday,2020-12-31 18:11:57,54,False,781
2020-12-31 00:00:00,Thursday,2020-12-31 08:35:55,31,False,782
2020-12-31 00:00:00,Thursday,2020-12-31 07:48:05,50,False,783
2020-12-31 00:00:00,Thursday,2020-12-31 13:06:58,57,True,784
2020-12-31 00:00:00,Thursday,2020-12-31 17:11:38,20,False,785
2020-12-31 00:00:00,Thursday,2020-12-31 16:25:05,56,False,786
2020-12-31 00:00:00,Thursday,2020-12-31 11:04:02,56,True,787
2020-12-31 00:00:00,Thursday,2020-12-31 07:26:37,26,False,788
2020-12-31 00:00:00,Thursday,2020-12-31 20:26:32,63,False,789
2020-12-31 00:00:00,Thursday,2020-12-31 19:09:24,23,False,790
2020-12-31 00:00:00,Thursday,2020-12-31 15:34:13,10,False,791
2020-12-31 00:00:00,Thursday,2020-12-31 18:34:28,45,True,792
2020-12-31 00:00:00,Thursday,2020-12-31 12:55:34,35,False,793
2020-12-31 00:00:00,Thursday,2020-12-31 13:27:19,52,True,794
2020-12-31 00:00:00,Thursday,2020-12-31 12:11:52,38,False,795
2020-12-31 00:00:00,Thursday,2020-12-31 18:24:50,45,True,796
2020-12-31 00:00:00,Thursday,2020-12-31 14:30:13,18,False,797
2020-12-31 00:00:00,Thursday,2020-12-31 15:17:28,38,False,798
2020-12-31 00:00:00,Thursday,2020-12-31 15:09:50,48,True,799
2020-12-31 00:00:00,Thursday,2020-12-31 13:19:41,48,True,800
2020-12-31 00:00:00,Thursday,2020-12-31 14:53:33,37,False,801
2020-12-31 00:00:00,Thursday,2020-12-31 10:53:12,39,False,802
2020-12-31 00:00:00,Thursday,2020-12-31 20:57:45,41,False,803
2020-12-31 00:00:00,Thursday,2020-12-31 06:08:46,40,False,804
2020-12-31 00:00:00,Thursday,2020-12-31 07:00:48,45,True,805
2020-12-31 00:00:00,Thursday,2020-12-31 07:01:20,54,False,806
2020-12-31 00:00:00,Thursday,2020-12-31 14:09:17,32,False,807
2020-12-31 00:00:00,Thursday,2020-12-31 06:20:03,51,False,808
2020-12-31 00:00:00,Thursday,2020-12-31 16:02:48,47,True,809
2020-12-31 00:00:00,Thursday,2020-12-31 10:32:19,28,False,810
2020-12-31 00:00:00,Thursday,2020-12-31 14:13:55,60,True,811
2020-12-31 00:00:00,Thursday,2020-12-31 10:15:53,43,False,812
2020-12-31 00:00:00,Thursday,2020-12-31 14:01:54,54,False,813
2020-12-31 00:00:00,Thursday,2020-12-31 15:46:28,43,False,814
2020-12-31 00:00:00,Thursday,2020-12-31 08:39:04,20,False,815
2020-12-31 00:00:00,Thursday,2020-12-31 20:46:41,49,True,816
2020-12-31 00:00:00,Thursday,2020-12-31 10:52:06,41,False,817
2020-12-31 00:00:00,Thursday,2020-12-31 14:04:12,28,False,818
2020-12-31 00:00:00,Thursday,2020-12-31 13:39:18,45,False,819
2020-12-31 00:00:00,Thursday,2020-12-31 10:06:49,59,False,820
2020-12-31 00:00:00,Thursday,2020-12-31 13:35:26,35,False,821
2020-12-31 00:00:00,Thursday,2020-12-31 07:55:44,55,True,822
2020-12-31 00:00:00,Thursday,2020-12-31 08:42:26,66,False,823
2020-12-31 00:00:00,Thursday,2020-12-31 20:42:21,37,False,824
2020-12-31 00:00:00,Thursday,2020-12-31 07:41:33,37,False,825
2020-12-31 00:00:00,Thursday,2020-12-31 10:49:55,19,False,826
2020-12-31 00:00:00,Thursday,2020-12-31 15:20:24,24,False,827
2020-12-31 00:00:00,Thursday,2020-12-31 08:17:55,48,False,828
2020-12-31 00:00:00,Thursday,2020-12-31 09:48:31,49,False,829
2020-12-31 00:00:00,Thursday,2020-12-31 12:17:49,50,True,830
2020-12-31 00:00:00,Thursday,2020-12-31 19:36:52,45,False,831
2020-12-31 00:00:00,Thursday,2020-12-31 16:08:39,48,True,832
2020-12-31 00:00:00,Thursday,2020-12-31 10:40:10,56,True,833
2020-12-31 00:00:00,Thursday,2020-12-31 14:38:08,63,False,834
2020-12-31 00:00:00,Thursday,2020-12-31 19:48:22,24,False,835
2020-12-31 00:00:00,Thursday,2020-12-31 20:47:14,18,False,836
2020-12-31 00:00:00,Thursday,2020-12-31 16:09:50,57,True,837
2020-12-31 00:00:00,Thursday,2020-12-31 10:34:25,53,False,838
2020-12-31 00:00:00,Thursday,2020-12-31 11:59:52,63,False,839
2020-12-31 00:00:00,Thursday,2020-12-31 13:37:02,50,True,840
2020-12-31 00:00:00,Thursday,2020-12-31 10:37:58,52,True,841
2020-12-31 00:00:00,Thursday,2020-12-31 07:22:37,25,False,842
2020-12-31 00:00:00,Thursday,2020-12-31 19:52:30,31,False,843
2020-12-31 00:00:00,Thursday,2020-12-31 07:31:50,42,False,844
2020-12-31 00:00:00,Thursday,2020-12-31 09:41:42,13,False,845
2020-12-31 00:00:00,Thursday,2020-12-31 18:39:40,60,True,846
2020-12-31 00:00:00,Thursday,2020-12-31 14:37:11,24,False,847
2020-12-31 00:00:00,Thursday,2020-12-31 17:49:30,32,False,848
2020-12-31 00:00:00,Thursday,2020-12-31 19:21:44,19,False,849
2020-12-31 00:00:00,Thursday,2020-12-31 16:19:54,39,False,850
2020-12-31 00:00:00,Thursday,2020-12-31 10:21:59,58,False,851
2020-12-31 00:00:00,Thursday,2020-12-31 10:17:13,38,False,852
2020-12-31 00:00:00,Thursday,2020-12-31 07:54:42,50,True,853
2020-12-31 00:00:00,Thursday,2020-12-31 13:18:08,22,False,854
2020-12-31 00:00:00,Thursday,2020-12-31 06:22:55,53,False,855
2020-12-31 00:00:00,Thursday,2020-12-31 11:00:32,72,False,856
2020-12-31 00:00:00,Thursday,2020-12-31 17:31:10,53,True,857
2020-12-31 00:00:00,Thursday,2020-12-31 14:14:28,34,False,858
2020-12-31 00:00:00,Thursday,2020-12-31 14:58:57,18,False,859
2020-12-31 00:00:00,Thursday,2020-12-31 15:15:52,12,False,860
2020-12-31 00:00:00,Thursday,2020-12-31 17:55:14,30,False,861
2020-12-31 00:00:00,Thursday,2020-12-31 12:37:37,31,False,862
2020-12-31 00:00:00,Thursday,2020-12-31 06:12:30,50,True,863
2020-12-31 00:00:00,Thursday,2020-12-31 09:30:40,59,False,864
2020-12-31 00:00:00,Thursday,2020-12-31 08:55:13,57,True,865
2020-12-31 00:00:00,Thursday,2020-12-31 11:15:55,24,False,866
2020-12-31 00:00:00,Thursday,2020-12-31 13:37:40,26,False,867
2020-12-31 00:00:00,Thursday,2020-12-31 07:18:11,58,True,868
2020-12-31 00:00:00,Thursday,2020-12-31 09:50:19,65,False,869
2020-12-31 00:00:00,Thursday,2020-12-31 20:57:07,56,False,870
2020-12-31 00:00:00,Thursday,2020-12-31 06:20:22,29,False,871
2020-12-31 00:00:00,Thursday,2020-12-31 10:16:34,62,False,872
2020-12-31 00:00:00,Thursday,2020-12-31 10:54:35,24,False,873
2020-12-31 00:00:00,Thursday,2020-12-31 18:37:31,54,True,874
2020-12-31 00:00:00,Thursday,2020-12-31 18:18:03,53,True,875
2020-12-31 00:00:00,Thursday,2020-12-31 09:46:13,11,False,876
2020-12-31 00:00:00,Thursday,2020-12-31 08:02:13,38,False,877
2020-12-31 00:00:00,Thursday,2020-12-31 09:42:06,39,False,878
2020-12-31 00:00:00,Thursday,2020-12-31 14:47:04,39,False,879
2020-12-31 00:00:00,Thursday,2020-12-31 12:36:27,19,False,880
2020-12-31 00:00:00,Thursday,2020-12-31 11:08:05,45,False,881
2020-12-31 00:00:00,Thursday,2020-12-31 19:48:35,40,False,882
2020-12-31 00:00:00,Thursday,2020-12-31 10:30:57,46,True,883
2020-12-31 00:00:00,Thursday,2020-12-31 10:04:24,45,True,884
2020-12-31 00:00:00,Thursday,2020-12-31 20:34:50,56,False,885
2020-12-31 00:00:00,Thursday,2020-12-31 14:38:04,52,True,886
2020-12-31 00:00:00,Thursday,2020-12-31 09:19:13,12,False,887
2020-12-31 00:00:00,Thursday,2020-12-31 18:44:46,25,False,888
2020-12-31 00:00:00,Thursday,2020-12-31 20:13:53,47,True,889
2020-12-31 00:00:00,Thursday,2020-12-31 11:43:19,30,False,890
2020-12-31 00:00:00,Thursday,2020-12-31 18:53:54,31,False,891
2020-12-31 00:00:00,Thursday,2020-12-31 14:13:25,44,False,892
2020-12-31 00:00:00,Thursday,2020-12-31 20:07:08,53,False,893
2020-12-31 00:00:00,Thursday,2020-12-31 16:19:51,36,False,894
2020-12-31 00:00:00,Thursday,2020-12-31 06:20:19,55,False,895
2020-12-31 00:00:00,Thursday,2020-12-31 13:41:18,19,False,896
2020-12-31 00:00:00,Thursday,2020-12-31 10:05:05,38,False,897
2020-12-31 00:00:00,Thursday,2020-12-31 13:11:51,59,False,898
2020-12-31 00:00:00,Thursday,2020-12-31 16:56:06,37,False,899
2020-12-31 00:00:00,Thursday,2020-12-31 09:15:27,43,False,900
2020-12-31 00:00:00,Thursday,2020-12-31 16:10:43,57,True,901
2020-12-31 00:00:00,Thursday,2020-12-31 07:39:22,45,True,902
2020-12-31 00:00:00,Thursday,2020-12-31 17:51:34,55,True,903
2020-12-31 00:00:00,Thursday,2020-12-31 16:12:31,30,False,904
2020-12-31 00:00:00,Thursday,2020-12-31 16:18:11,53,False,905
2020-12-31 00:00:00,Thursday,2020-12-31 07:08:21,55,False,906
2020-12-31 00:00:00,Thursday,2020-12-31 13:59:33,46,False,907
2020-12-31 00:00:00,Thursday,2020-12-31 16:49:05,16,False,908
2020-12-31 00:00:00,Thursday,2020-12-31 07:13:52,16,False,909
2020-12-31 00:00:00,Thursday,2020-12-31 12:07:27,53,False,910
2020-12-31 00:00:00,Thursday,2020-12-31 09:01:26,21,False,911
2020-12-31 00:00:00,Thursday,2020-12-31 19:51:21,19,False,912
2020-12-31 00:00:00,Thursday,2020-12-31 14:35:09,43,False,913
2020-12-31 00:00:00,Thursday,2020-12-31 13:01:12,58,True,914
2020-12-31 00:00:00,Thursday,2020-12-31 10:27:32,50,False,915
2020-12-31 00:00:00,Thursday,2020-12-31 16:24:49,52,True,916
2020-12-31 00:00:00,Thursday,2020-12-31 07:15:44,49,True,917
2020-12-31 00:00:00,Thursday,2020-12-31 09:52:00,62,False,918
2020-12-31 00:00:00,Thursday,2020-12-31 19:26:48,46,False,919
2020-12-31 00:00:00,Thursday,2020-12-31 18:15:56,49,True,920
2020-12-31 00:00:00,Thursday,2020-12-31 08:22:36,20,False,921
2020-12-31 00:00:00,Thursday,2020-12-31 16:46:02,49,True,922
2020-12-31 00:00:00,Thursday,2020-12-31 13:47:52,10,False,923
2020-12-31 00:00:00,Thursday,2020-12-31 08:33:07,22,False,924
2020-12-31 00:00:00,Thursday,2020-12-31 10:07:18,17,False,925
2020-12-31 00:00:00,Thursday,2020-12-31 09:38:29,32,False,926
2020-12-31 00:00:00,Thursday,2020-12-31 12:22:22,52,True,927
2020-12-31 00:00:00,Thursday,2020-12-31 08:34:17,48,True,928
2020-12-31 00:00:00,Thursday,2020-12-31 06:45:06,29,False,929
2020-12-31 00:00:00,Thursday,2020-12-31 20:35:42,60,False,930
2020-12-31 00:00:00,Thursday,2020-12-31 13:07:03,15,False,931
2020-12-31 00:00:00,Thursday,2020-12-31 17:51:30,23,False,932
2020-12-31 00:00:00,Thursday,2020-12-31 20:42:52,47,True,933
2020-12-31 00:00:00,Thursday,2020-12-31 10:09:34,21,False,934
2020-12-31 00:00:00,Thursday,2020-12-31 08:08:58,32,False,935
2020-12-31 00:00:00,Thursday,2020-12-31 06:13:14,67,False,936
2020-12-31 00:00:00,Thursday,2020-12-31 07:14:26,54,False,937
2020-12-31 00:00:00,Thursday,2020-12-31 14:58:03,24,False,938
2020-12-31 00:00:00,Thursday,2020-12-31 16:38:52,22,False,939
2020-12-31 00:00:00,Thursday,2020-12-31 15:00:34,22,False,940
2020-12-31 00:00:00,Thursday,2020-12-31 11:18:52,72,False,941
2020-12-31 00:00:00,Thursday,2020-12-31 14:30:10,49,True,942
2020-12-31 00:00:00,Thursday,2020-12-31 17:42:21,27,False,943
2020-12-31 00:00:00,Thursday,2020-12-31 12:41:36,49,True,944
2020-12-31 00:00:00,Thursday,2020-12-31 12:30:39,10,False,945
2020-12-31 00:00:00,Thursday,2020-12-31 12:01:31,10,False,946
2020-12-31 00:00:00,Thursday,2020-12-31 12:25:31,10,False,947
2020-12-31 00:00:00,Thursday,2020-12-31 12:22:37,10,False,948
2020-12-31 00:00:00,Thursday,2020-12-31 12:21:48,10,False,949
2020-12-31 00:00:00,Thursday,2020-12-31 12:10:33,10,False,950
2020-12-31 00:00:00,Thursday,2020-12-31 12:02:31,10,False,951
2020-12-31 00:00:00,Thursday,2020-12-31 12:57:39,10,False,952
2020-12-31 00:00:00,Thursday,2020-12-31 12:35:43,10,False,953
2020-12-31 00:00:00,Thursday,2020-12-31 12:06:49,10,False,954
2020-12-31 00:00:00,Thursday,2020-12-31 12:00:09,10,False,955
2020-12-31 00:00:00,Thursday,2020-12-31 12:38:18,10,False,956
2020-12-31 00:00:00,Thursday,2020-12-31 12:09:51,10,False,957
2020-12-31 00:00:00,Thursday,2020-12-31 12:30:56,10,False,958
2020-12-31 00:00:00,Thursday,2020-12-31 12:12:59,10,False,959
2020-12-31 00:00:00,Thursday,2020-12-31 12:33:30,10,False,960
2020-12-31 00:00:00,Thursday,2020-12-31 12:00:21,10,False,961
2020-12-31 00:00:00,Thursday,2020-12-31 12:06:48,10,False,962
2020-12-31 00:00:00,Thursday,2020-12-31 12:59:15,10,False,963
2020-12-31 00:00:00,Thursday,2020-12-31 12:23:05,10,False,964
2020-12-31 00:00:00,Thursday,2020-12-31 12:07:52,10,False,965
2020-12-31 00:00:00,Thursday,2020-12-31 12:18:46,10,False,966
2020-12-31 00:00:00,Thursday,2020-12-31 12:53:02,10,False,967
2020-12-31 00:00:00,Thursday,2020-12-31 12:37:09,10,False,968
2020-12-31 00:00:00,Thursday,2020-12-31 12:23:19,10,False,969
2020-12-31 00:00:00,Thursday,2020-12-31 12:40:04,10,False,970
2020-12-31 00:00:00,Thursday,2020-12-31 12:23:37,10,False,971
2020-12-31 00:00:00,Thursday,2020-12-31 12:56:08,10,False,972
2020-12-31 00:00:00,Thursday,2020-12-31 12:14:32,10,False,973
2020-12-31 00:00:00,Thursday,2020-12-31 12:27:28,10,False,974
2020-12-31 00:00:00,Thursday,2020-12-31 12:39:35,10,False,975
2020-12-31 00:00:00,Thursday,2020-12-31 12:57:23,10,False,976
2020-12-31 00:00:00,Thursday,2020-12-31 12:19:31,10,False,977
2020-12-31 00:00:00,Thursday,2020-12-31 12:32:14,10,False,978
2020-12-31 00:00:00,Thursday,2020-12-31 12:15:10,10,False,979
2020-12-31 00:00:00,Thursday,2020-12-31 12:00:57,10,False,980
2020-12-31 00:00:00,Thursday,2020-12-31 12:35:11,10,False,981
2020-12-31 00:00:00,Thursday,2020-12-31 12:18:26,10,False,982
2020-12-31 00:00:00,Thursday,2020-12-31 12:51:44,10,False,983
2020-12-31 00:00:00,Thursday,2020-12-31 12:27:10,10,False,984
2020-12-31 00:00:00,Thursday,2020-12-31 12:41:18,10,False,985
2020-12-31 00:00:00,Thursday,2020-12-31 12:53:21,10,False,986
2020-12-31 00:00:00,Thursday,2020-12-31 12:20:33,10,False,987
2020-12-31 00:00:00,Thursday,2020-12-31 12:01:16,10,False,988
2020-12-31 00:00:00,Thursday,2020-12-31 12:16:23,10,False,989
2020-12-31 00:00:00,Thursday,2020-12-31 12:02:36,10,False,990
2020-12-31 00:00:00,Thursday,2020-12-31 12:00:41,10,False,991
2020-12-31 00:00:00,Thursday,2020-12-31 12:52:53,10,False,992
2020-12-31 00:00:00,Thursday,2020-12-31 12:35:59,10,False,993
2020-12-31 00:00:00,Thursday,2020-12-31 12:47:53,10,False,994
2020-12-31 00:00:00,Thursday,2020-12-31 12:17:42,10,False,995
2020-12-31 00:00:00,Thursday,2020-12-31 12:44:02,10,False,996
2020-12-31 00:00:00,Thursday,2020-12-31 12:26:58,10,False,997
2020-12-31 00:00:00,Thursday,2020-12-31 12:22:36,10,False,998
2020-12-31 00:00:00,Thursday,2020-12-31 12:43:26,10,False,999
2020-12-31 00:00:00,Thursday,2020-12-31 12:34:29,10,False,1000
2020-12-31 00:00:00,Thursday,2020-12-31 12:17:44,10,False,1001
2020-12-31 00:00:00,Thursday,2020-12-31 12:07:12,10,False,1002
2020-12-31 00:00:00,Thursday,2020-12-31 12:16:23,10,False,1003
2020-12-31 00:00:00,Thursday,2020-12-31 12:24:54,10,False,1004
2020-12-31 00:00:00,Thursday,2020-12-31 12:15:15,10,False,1005
2020-12-31 00:00:00,Thursday,2020-12-31 12:23:38,10,False,1006
2020-12-31 00:00:00,Thursday,2020-12-31 12:01:11,10,False,1007
2020-12-31 00:00:00,Thursday,2020-12-31 12:40:44,10,False,1008
2020-12-31 00:00:00,Thursday,2020-12-31 12:54:01,10,False,1009
2020-12-31 00:00:00,Thursday,2020-12-31 12:37:14,10,False,1010
2020-12-31 00:00:00,Thursday,2020-12-31 12:14:43,10,False,1011
2020-12-31 00:00:00,Thursday,2020-12-31 12:33:30,10,False,1012
2020-12-31 00:00:00,Thursday,2020-12-31 12:28:47,10,False,1013
2020-12-31 00:00:00,Thursday,2020-12-31 12:42:05,10,False,1014
2020-12-31 00:00:00,Thursday,2020-12-31 12:10:40,10,False,1015
2020-12-31 00:00:00,Thursday,2020-12-31 12:04:13,10,False,1016
2020-12-31 00:00:00,Thursday,2020-12-31 12:30:52,10,False,1017
2020-12-31 00:00:00,Thursday,2020-12-31 12:16:37,10,False,1018
2020-12-31 00:00:00,Thursday,2020-12-31 12:49:57,10,False,1019
2020-12-31 00:00:00,Thursday,2020-12-31 12:53:41,10,False,1020
2020-12-31 00:00:00,Thursday,2020-12-31 12:16:50,10,False,1021
2020-12-31 00:00:00,Thursday,2020-12-31 12:12:20,10,False,1022
2020-12-31 00:00:00,Thursday,2020-12-31 12:20:23,10,False,1023
2020-12-31 00:00:00,Thursday,2020-12-31 12:17:12,10,False,1024
2020-12-31 00:00:00,Thursday,2020-12-31 12:27:19,10,False,1025
2020-12-31 00:00:00,Thursday,2020-12-31 12:22:06,10,False,1026
2020-12-31 00:00:00,Thursday,2020-12-31 12:31:24,10,False,1027
2020-12-31 00:00:00,Thursday,2020-12-31 12:51:44,10,False,1028
2020-12-31 00:00:00,Thursday,2020-12-31 12:51:01,10,False,1029
2020-12-31 00:00:00,Thursday,2020-12-31 12:32:23,10,False,1030
2020-12-31 00:00:00,Thursday,2020-12-31 12:00:59,10,False,1031
2020-12-31 00:00:00,Thursday,2020-12-31 12:46:35,10,False,1032
2020-12-31 00:00:00,Thursday,2020-12-31 12:55:08,10,False,1033
2020-12-31 00:00:00,Thursday,2020-12-31 12:56:53,10,False,1034
2020-12-31 00:00:00,Thursday,2020-12-31 12:19:49,10,False,1035
2020-12-31 00:00:00,Thursday,2020-12-31 12:10:54,10,False,1036
2020-12-31 00:00:00,Thursday,2020-12-31 12:00:13,10,False,1037
2020-12-31 00:00:00,Thursday,2020-12-31 12:58:01,10,False,1038
2020-12-31 00:00:00,Thursday,2020-12-31 12:15:08,10,False,1039
2020-12-31 00:00:00,Thursday,2020-12-31 12:13:12,10,False,1040
2020-12-31 00:00:00,Thursday,2020-12-31 12:17:01,10,False,1041
2020-12-31 00:00:00,Thursday,2020-12-31 12:10:35,10,False,1042
2020-12-31 00:00:00,Thursday,2020-12-31 12:24:31,10,False,1043
2020-12-31 00:00:00,Thursday,2020-12-31 12:54:19,10,False,1044
2020-12-31 00:00:00,Thursday,2020-12-31 12:09:40,10,False,1045
2020-12-31 00:00:00,Thursday,2020-12-31 12:46:31,10,False,1046
2020-12-31 00:00:00,Thursday,2020-12-31 12:53:07,10,False,1047
2020-12-31 00:00:00,Thursday,2020-12-31 12:43:23,10,False,1048
2020-12-31 00:00:00,Thursday,2020-12-31 12:21:01,10,False,1049
2020-12-31 00:00:00,Thursday,2020-12-31 12:59:45,10,False,1050
2020-12-31 00:00:00,Thursday,2020-12-31 12:42:03,10,False,1051
2020-12-31 00:00:00,Thursday,2020-12-31 12:15:03,10,False,1052
2020-12-31 00:00:00,Thursday,2020-12-31 12:12:48,10,False,1053
2020-12-31 00:00:00,Thursday,2020-12-31 12:53:06,10,False,1054
2020-12-31 00:00:00,Thursday,2020-12-31 12:32:15,10,False,1055
2020-12-31 00:00:00,Thursday,2020-12-31 12:15:30,10,False,1056
2020-12-31 00:00:00,Thursday,2020-12-31 12:00:42,10,False,1057
2020-12-31 00:00:00,Thursday,2020-12-31 12:49:57,10,False,1058
2020-12-31 00:00:00,Thursday,2020-12-31 12:25:09,10,False,1059
2020-12-31 00:00:00,Thursday,2020-12-31 12:37:06,10,False,1060
2020-12-31 00:00:00,Thursday,2020-12-31 12:08:03,10,False,1061
2020-12-31 00:00:00,Thursday,2020-12-31 12:59:17,10,False,1062
2020-12-31 00:00:00,Thursday,2020-12-31 12:21:09,10,False,1063
2020-12-31 00:00:00,Thursday,2020-12-31 12:53:30,10,False,1064
2020-12-31 00:00:00,Thursday,2020-12-31 12:57:22,10,False,1065
2020-12-31 00:00:00,Thursday,2020-12-31 12:07:41,10,False,1066
2020-12-31 00:00:00,Thursday,2020-12-31 12:05:22,10,False,1067
2020-12-31 00:00:00,Thursday,2020-12-31 12:41:08,10,False,1068
2020-12-31 00:00:00,Thursday,2020-12-31 12:55:01,10,False,1069
2020-12-31 00:00:00,Thursday,2020-12-31 12:22:31,10,False,1070
2020-12-31 00:00:00,Thursday,2020-12-31 18:16:35,20,False,1071
2020-12-31 00:00:00,Thursday,2020-12-31 17:13:59,20,False,1072
2020-12-31 00:00:00,Thursday,2020-12-31 17:10:14,20,False,1073
2020-12-31 00:00:00,Thursday,2020-12-31 17:51:34,20,False,1074
2020-12-31 00:00:00,Thursday,2020-12-31 17:27:59,20,False,1075
2020-12-31 00:00:00,Thursday,2020-12-31 17:46:42,20,False,1076
2020-12-31 00:00:00,Thursday,2020-12-31 17:32:49,20,False,1077
2020-12-31 00:00:00,Thursday,2020-12-31 17:06:23,20,False,1078
2020-12-31 00:00:00,Thursday,2020-12-31 17:12:16,20,False,1079
2020-12-31 00:00:00,Thursday,2020-12-31 18:12:16,20,False,1080
2020-12-31 00:00:00,Thursday,2020-12-31 17:44:27,20,False,1081
2020-12-31 00:00:00,Thursday,2020-12-31 18:29:08,20,False,1082
2020-12-31 00:00:00,Thursday,2020-12-31 18:22:07,20,False,1083
2020-12-31 00:00:00,Thursday,2020-12-31 17:37:05,20,False,1084
2020-12-31 00:00:00,Thursday,2020-12-31 17:05:57,20,False,1085
2020-12-31 00:00:00,Thursday,2020-12-31 17:41:24,20,False,1086
2020-12-31 00:00:00,Thursday,2020-12-31 18:23:04,20,False,1087
2020-12-31 00:00:00,Thursday,2020-12-31 18:25:48,20,False,1088
2020-12-31 00:00:00,Thursday,2020-12-31 17:18:26,20,False,1089
2020-12-31 00:00:00,Thursday,2020-12-31 18:01:15,20,False,1090
2020-12-31 00:00:00,Thursday,2020-12-31 18:03:26,20,False,1091
2020-12-31 00:00:00,Thursday,2020-12-31 18:13:10,20,False,1092
2020-12-31 00:00:00,Thursday,2020-12-31 17:56:02,20,False,1093
2020-12-31 00:00:00,Thursday,2020-12-31 18:29:52,20,False,1094
2020-12-31 00:00:00,Thursday,2020-12-31 18:02:20,20,False,1095
2020-12-31 00:00:00,Thursday,2020-12-31 17:30:32,20,False,1096
2020-12-31 00:00:00,Thursday,2020-12-31 17:18:03,20,False,1097
2020-12-31 00:00:00,Thursday,2020-12-31 17:23:40,20,False,1098
2020-12-31 00:00:00,Thursday,2020-12-31 17:50:18,20,False,1099
2020-12-31 00:00:00,Thursday,2020-12-31 17:09:09,20,False,1100
2020-12-31 00:00:00,Thursday,2020-12-31 18:28:09,20,False,1101
2020-12-31 00:00:00,Thursday,2020-12-31 18:27:47,20,False,1102
2020-12-31 00:00:00,Thursday,2020-12-31 17:54:29,20,False,1103
2020-12-31 00:00:00,Thursday,2020-12-31 18:14:56,20,False,1104
2020-12-31 00:00:00,Thursday,2020-12-31 17:30:09,20,False,1105
2020-12-31 00:00:00,Thursday,2020-12-31 17:05:40,20,False,1106
2020-12-31 00:00:00,Thursday,2020-12-31 17:33:16,20,False,1107
2020-12-31 00:00:00,Thursday,2020-12-31 18:10:20,20,False,1108
2020-12-31 00:00:00,Thursday,2020-12-31 18:15:33,20,False,1109
2020-12-31 00:00:00,Thursday,2020-12-31 17:22:02,20,False,1110
2020-12-31 00:00:00,Thursday,2020-12-31 18:09:20,20,False,1111
2020-12-31 00:00:00,Thursday,2020-12-31 17:47:27,20,False,1112
2020-12-31 00:00:00,Thursday,2020-12-31 17:02:51,20,False,1113
2020-12-31 00:00:00,Thursday,2020-12-31 17:53:41,20,False,1114
2020-12-31 00:00:00,Thursday,2020-12-31 17:10:48,20,False,1115
2020-12-31 00:00:00,Thursday,2020-12-31 17:16:59,20,False,1116
2020-12-31 00:00:00,Thursday,2020-12-31 17:52:48,20,False,1117
2020-12-31 00:00:00,Thursday,2020-12-31 18:03:07,20,False,1118
2020-12-31 00:00:00,Thursday,2020-12-31 18:09:11,20,False,1119
2020-12-31 00:00:00,Thursday,2020-12-31 17:57:47,20,False,1120
2020-12-31 00:00:00,Thursday,2020-12-31 18:03:41,20,False,1121
2020-12-31 00:00:00,Thursday,2020-12-31 17:43:02,20,False,1122
2020-12-31 00:00:00,Thursday,2020-12-31 17:47:17,20,False,1123
2020-12-31 00:00:00,Thursday,2020-12-31 17:08:07,20,False,1124
2020-12-31 00:00:00,Thursday,2020-12-31 17:25:03,20,False,1125
2020-12-31 00:00:00,Thursday,2020-12-31 18:12:24,20,False,1126
2020-12-31 00:00:00,Thursday,2020-12-31 17:37:58,20,False,1127
2020-12-31 00:00:00,Thursday,2020-12-31 18:29:38,20,False,1128
2020-12-31 00:00:00,Thursday,2020-12-31 17:26:25,20,False,1129
2020-12-31 00:00:00,Thursday,2020-12-31 17:40:22,20,False,1130
2020-12-31 00:00:00,Thursday,2020-12-31 17:38:59,20,False,1131
2020-12-31 00:00:00,Thursday,2020-12-31 17:30:47,20,False,1132
2020-12-31 00:00:00,Thursday,2020-12-31 17:32:31,20,False,1133
2020-12-31 00:00:00,Thursday,2020-12-31 17:19:35,20,False,1134
2020-12-31 00:00:00,Thursday,2020-12-31 18:20:47,20,False,1135
2020-12-31 00:00:00,Thursday,2020-12-31 17:05:38,20,False,1136
2020-12-31 00:00:00,Thursday,2020-12-31 18:19:38,20,False,1137
2020-12-31 00:00:00,Thursday,2020-12-31 17:02:34,20,False,1138
2020-12-31 00:00:00,Thursday,2020-12-31 17:02:34,20,False,1139
2020-12-31 00:00:00,Thursday,2020-12-31 17:30:18,20,False,1140
2020-12-31 00:00:00,Thursday,2020-12-31 17:16:19,20,False,1141
2020-12-31 00:00:00,Thursday,2020-12-31 18:16:19,20,False,1142
2020-12-31 00:00:00,Thursday,2020-12-31 17:54:59,20,False,1143
2020-12-31 00:00:00,Thursday,2020-12-31 18:23:13,20,False,1144
2020-12-31 00:00:00,Thursday,2020-12-31 17:47:47,20,False,1145
2020-12-31 00:00:00,Thursday,2020-12-31 18:03:36,20,False,1146
2020-12-31 00:00:00,Thursday,2020-12-31 18:23:41,20,False,1147
2020-12-31 00:00:00,Thursday,2020-12-31 17:07:48,20,False,1148
2020-12-31 00:00:00,Thursday,2020-12-31 18:19:45,20,False,1149
2020-12-31 00:00:00,Thursday,2020-12-31 17:26:25,20,False,1150
2020-12-31 00:00:00,Thursday,2020-12-31 17:43:28,20,False,1151
2020-12-31 00:00:00,Thursday,2020-12-31 17:45:09,20,False,1152
2020-12-31 00:00:00,Thursday,2020-12-31 18:08:11,20,False,1153
2020-12-31 00:00:00,Thursday,2020-12-31 17:12:35,20,False,1154
2020-12-31 00:00:00,Thursday,2020-12-31 18:10:23,20,False,1155
2020-12-31 00:00:00,Thursday,2020-12-31 17:11:09,20,False,1156
2020-12-31 00:00:00,Thursday,2020-12-31 17:19:12,20,False,1157
2020-12-31 00:00:00,Thursday,2020-12-31 18:28:45,20,False,1158
2020-12-31 00:00:00,Thursday,2020-12-31 17:10:01,20,False,1159
2020-12-31 00:00:00,Thursday,2020-12-31 17:42:09,20,False,1160
2020-12-31 00:00:00,Thursday,2020-12-31 18:25:53,20,False,1161
2020-12-31 00:00:00,Thursday,2020-12-31 17:14:13,20,False,1162
2020-12-31 00:00:00,Thursday,2020-12-31 18:13:49,20,False,1163
2020-12-31 00:00:00,Thursday,2020-12-31 17:37:37,20,False,1164
2020-12-31 00:00:00,Thursday,2020-12-31 18:09:40,20,False,1165
2020-12-31 00:00:00,Thursday,2020-12-31 17:20:46,20,False,1166
2020-12-31 00:00:00,Thursday,2020-12-31 17:07:22,20,False,1167
2020-12-31 00:00:00,Thursday,2020-12-31 17:55:27,20,False,1168
2020-12-31 00:00:00,Thursday,2020-12-31 18:12:45,20,False,1169
2020-12-31 00:00:00,Thursday,2020-12-31 18:02:14,20,False,1170
2020-12-31 00:00:00,Thursday,2020-12-31 17:57:18,20,False,1171
2020-12-31 00:00:00,Thursday,2020-12-31 18:17:50,20,False,1172
2020-12-31 00:00:00,Thursday,2020-12-31 17:07:00,20,False,1173
2020-12-31 00:00:00,Thursday,2020-12-31 17:41:19,20,False,1174
2020-12-31 00:00:00,Thursday,2020-12-31 17:22:42,20,False,1175
2020-12-31 00:00:00,Thursday,2020-12-31 17:21:45,20,False,1176
2020-12-31 00:00:00,Thursday,2020-12-31 18:09:36,20,False,1177
2020-12-31 00:00:00,Thursday,2020-12-31 17:18:36,20,False,1178
2020-12-31 00:00:00,Thursday,2020-12-31 18:01:45,20,False,1179
2020-12-31 00:00:00,Thursday,2020-12-31 17:03:26,20,False,1180
2020-12-31 00:00:00,Thursday,2020-12-31 17:38:47,20,False,1181
2020-12-31 00:00:00,Thursday,2020-12-31 17:26:18,20,False,1182
2020-12-31 00:00:00,Thursday,2020-12-31 17:34:04,20,False,1183
2020-12-31 00:00:00,Thursday,2020-12-31 17:18:31,20,False,1184
2020-12-31 00:00:00,Thursday,2020-12-31 17:01:41,20,False,1185
2020-12-31 00:00:00,Thursday,2020-12-31 17:47:02,20,False,1186
2020-12-31 00:00:00,Thursday,2020-12-31 18:18:12,20,False,1187
2020-12-31 00:00:00,Thursday,2020-12-31 18:00:50,20,False,1188
2020-12-31 00:00:00,Thursday,2020-12-31 18:06:45,20,False,1189
2020-12-31 00:00:00,Thursday,2020-12-31 17:50:32,20,False,1190
2020-12-31 00:00:00,Thursday,2020-12-31 17:44:37,20,False,1191
2020-12-31 00:00:00,Thursday,2020-12-31 18:25:58,20,False,1192
2020-12-31 00:00:00,Thursday,2020-12-31 17:16:29,20,False,1193
2020-12-31 00:00:00,Thursday,2020-12-31 17:22:20,20,False,1194
2020-12-31 00:00:00,Thursday,2020-12-31 17:01:57,20,False,1195
2020-12-31 00:00:00,Thursday,2020-12-31 17:49:27,20,False,1196
2020-12-31 00:00:00,Thursday,2020-12-31 17:05:13,20,False,1197
2020-12-31 00:00:00,Thursday,2020-12-31 17:19:20,20,False,1198
2020-12-31 00:00:00,Thursday,2020-12-31 18:24:43,20,False,1199
2020-12-31 00:00:00,Thursday,2020-12-31 17:20:18,20,False,1200
2020-12-31 00:00:00,Thursday,2020-12-31 17:55:34,20,False,1201
2020-12-31 00:00:00,Thursday,2020-12-31 17:03:17,20,False,1202
2020-12-31 00:00:00,Thursday,2020-12-31 17:46:53,20,False,1203
2020-12-31 00:00:00,Thursday,2020-12-31 18:15:54,20,False,1204
2020-12-31 00:00:00,Thursday,2020-12-31 17:43:24,20,False,1205
2020-12-31 00:00:00,Thursday,2020-12-31 18:22:25,20,False,1206
2020-12-31 00:00:00,Thursday,2020-12-31 17:49:21,20,False,1207
2020-12-31 00:00:00,Thursday,2020-12-31 18:13:57,20,False,1208
2020-12-31 00:00:00,Thursday,2020-12-31 17:26:56,20,False,1209
2020-12-31 00:00:00,Thursday,2020-12-31 17:29:43,20,False,1210
2020-12-31 00:00:00,Thursday,2020-12-31 18:07:57,20,False,1211
2020-12-31 00:00:00,Thursday,2020-12-31 18:02:32,20,False,1212
2020-12-31 00:00:00,Thursday,2020-12-31 17:26:36,20,False,1213
2020-12-31 00:00:00,Thursday,2020-12-31 17:18:43,20,False,1214
2020-12-31 00:00:00,Thursday,2020-12-31 17:50:36,20,False,1215
2020-12-31 00:00:00,Thursday,2020-12-31 17:41:51,20,False,1216
2020-12-31 00:00:00,Thursday,2020-12-31 18:23:45,20,False,1217
2020-12-31 00:00:00,Thursday,2020-12-31 17:41:54,20,False,1218
2020-12-31 00:00:00,Thursday,2020-12-31 18:26:32,20,False,1219
2020-12-31 00:00:00,Thursday,2020-12-31 17:41:13,20,False,1220
2020-12-31 00:00:00,Thursday,2020-12-31 17:33:03,20,False,1221
2020-12-31 00:00:00,Thursday,2020-12-31 17:02:53,20,False,1222
2020-12-31 00:00:00,Thursday,2020-12-31 18:24:23,20,False,1223
2020-12-31 00:00:00,Thursday,2020-12-31 17:23:22,20,False,1224
2020-12-31 00:00:00,Thursday,2020-12-31 17:59:24,20,False,1225
2020-12-31 00:00:00,Thursday,2020-12-31 17:01:55,20,False,1226
2020-12-31 00:00:00,Thursday,2020-12-31 17:39:53,20,False,1227
2020-12-31 00:00:00,Thursday,2020-12-31 17:24:27,20,False,1228
2020-12-31 00:00:00,Thursday,2020-12-31 18:29:17,20,False,1229
2020-12-31 00:00:00,Thursday,2020-12-31 17:14:37,20,False,1230
2020-12-31 00:00:00,Thursday,2020-12-31 17:38:57,20,False,1231
2020-12-31 00:00:00,Thursday,2020-12-31 17:55:32,20,False,1232
2020-12-31 00:00:00,Thursday,2020-12-31 18:27:49,20,False,1233
2020-12-31 00:00:00,Thursday,2020-12-31 18:28:06,20,False,1234
2020-12-31 00:00:00,Thursday,2020-12-31 17:29:36,20,False,1235
2020-12-31 00:00:00,Thursday,2020-12-31 18:20:32,20,False,1236
2020-12-31 00:00:00,Thursday,2020-12-31 18:14:57,20,False,1237
2020-12-31 00:00:00,Thursday,2020-12-31 18:14:39,20,False,1238
2020-12-31 00:00:00,Thursday,2020-12-31 18:17:55,20,False,1239
2020-12-31 00:00:00,Thursday,2020-12-31 18:00:35,20,False,1240
2020-12-31 00:00:00,Thursday,2020-12-31 17:48:15,20,False,1241
2020-12-31 00:00:00,Thursday,2020-12-31 17:49:54,20,False,1242
2020-12-31 00:00:00,Thursday,2020-12-31 17:47:32,20,False,1243
2020-12-31 00:00:00,Thursday,2020-12-31 17:52:55,20,False,1244
2020-12-31 00:00:00,Thursday,2020-12-31 17:26:59,20,False,1245
2020-12-31 00:00:00,Thursday,2020-12-31 17:42:36,20,False,1246
2020-12-31 00:00:00,Thursday,2020-12-31 18:16:51,20,False,1247
2020-12-31 00:00:00,Thursday,2020-12-31 17:36:01,20,False,1248
2020-12-31 00:00:00,Thursday,2020-12-31 17:11:36,20,False,1249
2020-12-31 00:00:00,Thursday,2020-12-31 18:23:51,20,False,1250
2020-12-31 00:00:00,Thursday,2020-12-31 18:04:10,20,False,1251
2020-12-31 00:00:00,Thursday,2020-12-31 17:38:54,20,False,1252
2020-12-31 00:00:00,Thursday,2020-12-31 17:26:50,20,False,1253
2020-12-31 00:00:00,Thursday,2020-12-31 17:38:59,20,False,1254
2020-12-31 00:00:00,Thursday,2020-12-31 18:06:42,20,False,1255
2020-12-31 00:00:00,Thursday,2020-12-31 17:56:38,20,False,1256
2020-12-31 00:00:00,Thursday,2020-12-31 17:39:42,20,False,1257
2020-12-31 00:00:00,Thursday,2020-12-31 18:12:33,20,False,1258
2020-12-31 00:00:00,Thursday,2020-12-31 18:07:18,20,False,1259
